fecha,azucar_precio_londres_contrato1,azucar_precio_londres_contrato2,azucar_precio_londres_promedio
2020-06-16,389.9,372.6,381.25
2020-06-15,383.8,369.1,376.45
2020-06-12,383.4,368,375.7
2020-06-11,387.8,371,379.4
2020-06-10,394.9,376.5,385.7
2020-06-09,388.3,372.1,380.2
2020-06-08,387.3,369.5,378.4
2020-06-05,392.9,373,382.95
2020-06-04,384.8,364,374.4
2020-06-03,375.6,359.8,367.7
2020-06-02,370,354.1,362.05
2020-06-01,364.8,348.9,356.85
2020-05-29,362.2,346,354.1
2020-05-28,361.5,343.5,352.5
2020-05-27,364,345.1,354.55
2020-05-26,376.4,349.1,362.75
2020-05-22,366.9,343.9,355.4
2020-05-21,365.3,344.2,354.75
2020-05-20,366.8,345.2,356
2020-05-19,364.6,341.2,352.9
2020-05-18,363.6,340.3,351.95
2020-05-15,359.2,333.3,346.25
2020-05-14,355.2,333.6,344.4
2020-05-13,344.8,328.7,336.75
2020-05-12,344.2,327.4,335.8
2020-05-11,340.9,325.9,333.4
2020-05-07,348,331.1,339.55
2020-05-06,345.1,330.7,337.9
2020-05-05,357.7,342.4,350.05
2020-05-04,342.1,331.5,336.8
2020-05-01,351.3,341,346.15
2020-04-30,336.2,328,332.1
2020-04-29,321.2,314.3,317.75
2020-04-28,311.7,305.5,308.6
2020-04-27,307.5,302.4,304.95
2020-04-24,317.4,310.4,313.9
2020-04-23,322,314.8,318.4
2020-04-22,324.6,317.4,321
2020-04-21,322,314.6,318.3
2020-04-20,329.1,319.9,324.5
2020-04-17,340,330,335
2020-04-16,337.8,325.4,331.6
2020-04-15,342.7,331.7,337.2
2020-04-14,345.2,331.2,338.2
2020-04-09,348.5,331.3,339.9
2020-04-08,339.4,328.9,334.15
2020-04-07,328.4,324.1,326.25
2020-04-06,330.1,324.2,327.15
2020-04-03,336.5,322.8,329.65
2020-04-02,340.6,322.8,331.7
2020-04-01,342,323.4,332.7
2020-03-31,353.1,330.9,342
2020-03-30,356.1,336.9,346.5
2020-03-27,350.7,339,344.85
2020-03-26,350.4,338.7,344.55
2020-03-25,338.9,335.9,337.4
2020-03-24,338.9,333,335.95
2020-03-23,340.6,332.3,336.45
2020-03-20,344.4,334.7,339.55
2020-03-19,337.9,326.8,332.35
2020-03-18,335.8,327.7,331.75
2020-03-17,338.5,330.1,334.3
2020-03-16,342.5,334.5,338.5
2020-03-13,355,345.4,350.2
2020-03-12,354.1,344.8,349.45
2020-03-11,359.2,353.7,356.45
2020-03-10,361.8,358.2,360
2020-03-09,355.6,355.6,355.6
2020-03-06,370.3,368.4,369.35
2020-03-05,383.5,378.1,380.8
2020-03-04,384.7,379.9,382.3
2020-03-03,389.2,385.2,387.2
2020-03-02,391.9,386,388.95
2020-02-28,396.6,390.7,393.65
2020-02-27,398.7,393.2,395.95
2020-02-26,405.8,400.5,403.15
2020-02-25,412.7,406.2,409.45
2020-02-24,414.8,406.7,410.75
2020-02-21,423.4,414.8,419.1
2020-02-20,419.7,412.4,416.05
2020-02-19,422,414.4,418.2
2020-02-18,416.8,410,413.4
2020-02-17,409.5,404.8,407.15
2020-02-14,407.2,412.2,409.7
2020-02-13,425.9,418.2,422.05
2020-02-12,451,429.6,440.3
2020-02-11,437,422.5,429.75
2020-02-10,429.9,417.4,423.65
2020-02-07,428.1,416.2,422.15
2020-02-06,414,407.7,410.85
2020-02-05,413.6,406.8,410.2
2020-02-04,413.7,406.1,409.9
2020-02-03,416.6,408.4,412.5
2020-01-31,406.2,399.2,402.7
2020-01-30,408.2,399.6,403.9
2020-01-29,406.8,397.8,402.3
2020-01-28,405.4,398.7,402.05
2020-01-27,395.3,391.4,393.35
2020-01-24,401.3,396.8,399.05
2020-01-23,403.8,399,401.4
2020-01-22,407,401.3,404.15
2020-01-21,403,399.5,401.25
2020-01-20,401.5,398.7,400.1
2020-01-17,398.8,395.1,396.95
2020-01-16,399,394.6,396.8
2020-01-15,393.4,393,393.2
2020-01-14,389.8,388.5,389.15
2020-01-13,383.2,384.1,383.65
2020-01-10,376.8,379.7,378.25
2020-01-09,367.4,371.5,369.45
2020-01-08,361.3,366.2,363.75
2020-01-07,363.1,368.3,365.7
2020-01-06,364.7,370.1,367.4
2020-01-03,357.2,362.7,359.95
2020-01-02,352.7,358.2,355.45
2019-12-31,359.2,364.6,361.9
2019-12-30,361.4,366.6,364
2019-12-27,361.4,366,363.7
2019-12-24,359.1,364.2,361.65
2019-12-23,357.6,362.5,360.05
2019-12-20,358.5,363.4,360.95
2019-12-19,358.5,363.1,360.8
2019-12-18,355.6,360.1,357.85
2019-12-17,352.7,356.8,354.75
2019-12-16,351.7,356.2,353.95
2019-12-13,355.3,359.9,357.6
2019-12-12,354.3,359.3,356.8
2019-12-11,351.9,357.2,354.55
2019-12-10,352.5,357,354.75
2019-12-09,351.6,355.6,353.6
2019-12-06,347.5,352.6,350.05
2019-12-05,345.3,349.5,347.4
2019-12-04,346.6,350.5,348.55
2019-12-03,344.6,348.5,346.55
2019-12-02,342.3,345.5,343.9
2019-11-29,344.9,347.8,346.35
2019-11-28,343.2,345.7,344.45
2019-11-27,341.6,344.2,342.9
2019-11-26,342.6,345.8,344.2
2019-11-25,342.4,346.2,344.3
2019-11-22,339.9,345.9,342.9
2019-11-21,334.3,340.8,337.55
2019-11-20,336.6,343.5,340.05
2019-11-19,336,343.7,339.85
2019-11-18,340.3,347.2,343.75
2019-11-15,322.7,336.7,329.7
2019-11-14,331.4,340.5,335.95
2019-11-13,334.3,341.7,338
2019-11-12,327.5,333.2,330.35
2019-11-11,332.9,334.9,333.9
2019-11-08,335.2,336.3,335.75
2019-11-07,332.1,333.3,332.7
2019-11-06,338.9,338.1,338.5
2019-11-05,347.8,343.2,345.5
2019-11-04,344.1,339.9,342
2019-11-01,340.1,338.6,339.35
2019-10-31,338.4,338.6,338.5
2019-10-30,340.6,338.3,339.45
2019-10-29,338.5,336.4,337.45
2019-10-28,340.8,337.5,339.15
2019-10-25,337.2,333.6,335.4
2019-10-24,335.5,332.8,334.15
2019-10-23,333.7,331.2,332.45
2019-10-22,335.8,333,334.4
2019-10-21,337.3,333.6,335.45
2019-10-18,335.9,333.4,334.65
2019-10-17,339,335.2,337.1
2019-10-16,341.7,337.6,339.65
2019-10-15,347.6,343.5,345.55
2019-10-14,345.2,341.4,343.3
2019-10-11,339.9,337.8,338.85
2019-10-10,339.2,337.2,338.2
2019-10-09,342.7,338.8,340.75
2019-10-08,341.6,338.9,340.25
2019-10-07,339.6,339.1,339.35
2019-10-04,345.5,344.5,345
2019-10-03,340.6,342.1,341.35
2019-10-02,343,345.6,344.3
2019-10-01,344,346.8,345.4
2019-09-30,344.3,345.4,344.85
2019-09-27,341.4,343.5,342.45
2019-09-26,339.8,341.8,340.8
2019-09-25,339.6,341.4,340.5
2019-09-24,330.9,333.8,332.35
2019-09-23,329.3,331.2,330.25
2019-09-20,325.7,327.6,326.65
2019-09-19,321.9,325.2,323.55
2019-09-18,321,326.1,323.55
2019-09-17,320.8,326,323.4
2019-09-16,321.2,326.7,323.95
2019-09-13,329.4,316.9,323.15
2019-09-12,317,308,312.5
2019-09-11,309.8,308.9,309.35
2019-09-10,301.5,305.9,303.7
2019-09-09,303.3,307.6,305.45
2019-09-06,304.1,309.6,306.85
2019-09-05,302.5,309.8,306.15
2019-09-04,303.2,310.8,307
2019-09-03,304.4,313.2,308.8
2019-09-02,304.9,313.4,309.15
2019-08-30,301.6,311.3,306.45
2019-08-29,304.3,315,309.65
2019-08-28,309.2,319.5,314.35
2019-08-27,306.1,316,311.05
2019-08-23,310.4,320,315.2
2019-08-22,312.1,322.1,317.1
2019-08-21,307.9,317.6,312.75
2019-08-20,309.1,318.8,313.95
2019-08-19,310.4,320.1,315.25
2019-08-16,314.1,323.5,318.8
2019-08-15,313.5,323.3,318.4
2019-08-14,314.7,323.8,319.25
2019-08-13,317.2,326.6,321.9
2019-08-12,314,323.8,318.9
2019-08-09,318.6,328.6,323.6
2019-08-08,310.5,320,315.25
2019-08-07,307.8,318.4,313.1
2019-08-06,316.2,326.4,321.3
2019-08-05,317.8,327.7,322.75
2019-08-02,323.7,332.2,327.95
2019-08-01,325.6,334.6,330.1
2019-07-31,324,333.5,328.75
2019-07-30,323,332.7,327.85
2019-07-29,322.1,332.5,327.3
2019-07-26,321,331.7,326.35
2019-07-25,320,330.5,325.25
2019-07-24,321.2,331.5,326.35
2019-07-23,318.3,329.4,323.85
2019-07-22,315.1,326.6,320.85
2019-07-19,315.7,326.4,321.05
2019-07-18,312.6,322.4,317.5
2019-07-17,312.3,322.9,317.6
2019-07-16,295,314.3,304.65
2019-07-15,294,316,305
2019-07-12,306.8,323.2,315
2019-07-11,317.7,325,321.35
2019-07-10,321.4,327.1,324.25
2019-07-09,319.3,325.4,322.35
2019-07-08,321.5,327.2,324.35
2019-07-05,319.8,326.3,323.05
2019-07-04,320.3,326.7,323.5
2019-07-03,320.7,328.2,324.45
2019-07-02,319.7,325.7,322.7
2019-07-01,326.9,331.7,329.3
2019-06-28,328.4,333.5,330.95
2019-06-27,328.7,334.8,331.75
2019-06-26,319.2,325.4,322.3
2019-06-25,324.1,329.9,327
2019-06-24,323,328.8,325.9
2019-06-21,324.6,330.8,327.7
2019-06-20,331.7,336.6,334.15
2019-06-19,332.7,338.2,335.45
2019-06-18,333.6,339,336.3
2019-06-17,333.1,339.8,336.45
2019-06-14,335,343,339
2019-06-13,335.7,344.1,339.9
2019-06-12,333.7,342.6,338.15
2019-06-11,335.8,343.5,339.65
2019-06-10,333.7,341,337.35
2019-06-07,337.6,344.1,340.85
2019-06-06,339.3,344.1,341.7
2019-06-05,332.1,338.1,335.1
2019-06-04,336.8,342.7,339.75
2019-06-03,330.8,337.2,334
2019-05-31,330.6,335.9,333.25
2019-05-30,323.9,328.7,326.3
2019-05-29,325.9,330.8,328.35
2019-05-28,325.6,329.9,327.75
2019-05-24,324.4,329,326.7
2019-05-23,322.1,326.6,324.35
2019-05-22,322.8,327.6,325.2
2019-05-21,326.3,331,328.65
2019-05-20,323.2,327.7,325.45
2019-05-17,321.5,325.9,323.7
2019-05-16,325.6,329.9,327.75
2019-05-15,326.6,331,328.8
2019-05-14,328.6,332.2,330.4
2019-05-13,326.4,330.3,328.35
2019-05-10,323.6,327.9,325.75
2019-05-09,324.7,328.9,326.8
2019-05-08,321.7,326.6,324.15
2019-05-07,328.3,332.6,330.45
2019-05-03,327.4,332.7,330.05
2019-05-02,329.6,334.8,332.2
2019-05-01,331.7,336.4,334.05
2019-04-30,334.9,340.3,337.6
2019-04-29,334.5,339.9,337.2
2019-04-26,340,345.5,342.75
2019-04-25,340.1,344.6,342.35
2019-04-24,340.3,345.8,343.05
2019-04-23,338.2,343.5,340.85
2019-04-18,338.7,344.8,341.75
2019-04-17,332.4,337.5,334.95
2019-04-16,335.9,341.2,338.55
2019-04-15,329.8,336.9,333.35
2019-04-12,329.6,337.3,333.45
2019-04-11,323,333.9,328.45
2019-04-10,326.7,338.4,332.55
2019-04-09,328.2,339.1,333.65
2019-04-08,326.2,336.1,331.15
2019-04-05,330.3,339.4,334.85
2019-04-04,330,339.8,334.9
2019-04-03,327.2,335.8,331.5
2019-04-02,331.1,339.2,335.15
2019-04-01,330.1,339.1,334.6
2019-03-29,324.8,335.1,329.95
2019-03-28,326.6,336.7,331.65
2019-03-27,330.1,339.4,334.75
2019-03-26,331.6,341.2,336.4
2019-03-25,332.5,341.2,336.85
2019-03-22,335.4,344.1,339.75
2019-03-21,335.2,344.3,339.75
2019-03-20,338,348.5,343.25
2019-03-19,341.8,351.8,346.8
2019-03-18,346.7,355,350.85
2019-03-15,340.7,348.1,344.4
2019-03-14,338.8,346.1,342.45
2019-03-13,339.3,345.7,342.5
2019-03-12,340.1,346.7,343.4
2019-03-11,340.5,345.8,343.15
2019-03-08,338.5,342.8,340.65
2019-03-07,337.2,341.4,339.3
2019-03-06,338.1,343.1,340.6
2019-03-05,342.9,348.5,345.7
2019-03-04,341.3,347.7,344.5
2019-03-01,344.4,351.7,348.05
2019-02-28,348,354.7,351.35
2019-02-27,350.6,358.1,354.35
2019-02-26,347.8,355.4,351.6
2019-02-25,350.5,359.1,354.8
2019-02-22,359.5,367.8,363.65
2019-02-21,356.2,364.2,360.2
2019-02-20,360,366.5,363.25
2019-02-19,359.1,364.9,362
2019-02-18,357.8,362.7,360.25
2019-02-15,354.7,359.1,356.9
2019-02-14,341.8,346.9,344.35
2019-02-13,332,344.3,338.15
2019-02-12,325.8,342.9,334.35
2019-02-11,326.3,339.5,332.9
2019-02-08,333.9,344.4,339.15
2019-02-07,337.7,345.8,341.75
2019-02-06,341.4,350.7,346.05
2019-02-05,341.9,351.3,346.6
2019-02-04,340,351.5,345.75
2019-02-01,337.8,348.7,343.25
2019-01-31,341.3,352.8,347.05
2019-01-30,339.3,349.8,344.55
2019-01-29,342.6,352.3,347.45
2019-01-28,345.8,354.9,350.35
2019-01-25,339.1,348.5,343.8
2019-01-24,351.2,359.5,355.35
2019-01-23,350.7,359.2,354.95
2019-01-22,348.6,357.2,352.9
2019-01-21,354.7,363.1,358.9
2019-01-18,353.2,361.3,357.25
2019-01-17,348.5,356.8,352.65
2019-01-16,353.8,363,358.4
2019-01-15,354.8,363.2,359
2019-01-14,343.5,354.1,348.8
2019-01-11,344.9,354.4,349.65
2019-01-10,344.1,353.2,348.65
2019-01-09,347.7,355.6,351.65
2019-01-08,345.4,352.6,349
2019-01-07,344.8,349.5,347.15
2019-01-04,331,335.3,333.15
2019-01-03,324.2,329,326.6
2019-01-02,328.8,332.9,330.85
2018-12-31,332.5,336.3,334.4
2018-12-28,339,342.8,340.9
2018-12-27,335.9,340.7,338.3
2018-12-24,337.7,343,340.35
2018-12-21,337.6,342.4,340
2018-12-20,339.4,343.3,341.35
2018-12-19,341,345,343
2018-12-18,336,340.3,338.15
2018-12-17,339.7,344.9,342.3
2018-12-14,343,347.8,345.4
2018-12-13,345.2,349.8,347.5
2018-12-12,343.2,348.1,345.65
2018-12-11,344.7,349.6,347.15
2018-12-10,343,348.2,345.6
2018-12-07,345.6,352.2,348.9
2018-12-06,341.6,347.5,344.55
2018-12-05,343.5,348.5,346
2018-12-04,344.3,349.1,346.7
2018-12-03,350.4,354.1,352.25
2018-11-30,348.2,352.1,350.15
2018-11-29,346.7,350.7,348.7
2018-11-28,347.4,350.6,349
2018-11-27,336.3,339.9,338.1
2018-11-26,339,342.7,340.85
2018-11-23,337.7,341.5,339.6
2018-11-22,339.6,343.5,341.55
2018-11-21,342.3,346.6,344.45
2018-11-20,338.1,342.6,340.35
2018-11-19,343.9,348.6,346.25
2018-11-16,341.1,345.8,343.45
2018-11-15,328.2,343.2,335.7
2018-11-14,345.5,345.5,345.5
2018-11-13,341.5,343.3,342.4
2018-11-12,345.9,349.6,347.75
2018-11-09,344.1,345.7,344.9
2018-11-08,342.5,347.1,344.8
2018-11-07,342.7,349.3,346
2018-11-06,342,349.7,345.85
2018-11-05,348,353.7,350.85
2018-11-02,357.7,360.3,359
2018-11-01,351.9,355.6,353.75
2018-10-31,355.7,355.9,355.8
2018-10-30,358.8,359.1,358.95
2018-10-29,364.7,364.6,364.65
2018-10-26,372.9,372.6,372.75
2018-10-25,381.4,379.5,380.45
2018-10-24,387.7,383.5,385.6
2018-10-23,380.5,378.2,379.35
2018-10-22,377,376,376.5
2018-10-19,379,379,379
2018-10-18,378.6,377.9,378.25
2018-10-17,378.5,376.4,377.45
2018-10-16,366.5,365.1,365.8
2018-10-15,370.8,370.6,370.7
2018-10-12,363.5,363,363.25
2018-10-11,362.9,361.3,362.1
2018-10-10,356.5,357.6,357.05
2018-10-09,353.4,356.7,355.05
2018-10-08,350.2,353.9,352.05
2018-10-05,345.8,349.5,347.65
2018-10-04,341.6,343.8,342.7
2018-10-03,338.7,340.6,339.65
2018-10-02,333.5,333.9,333.7
2018-10-01,327.2,326.7,326.95
2018-09-28,320.5,319.7,320.1
2018-09-27,313,314.3,313.65
2018-09-26,311.7,313.7,312.7
2018-09-25,317.5,319.6,318.55
2018-09-24,317.7,321.1,319.4
2018-09-21,331,333,332
2018-09-20,330.2,332.5,331.35
2018-09-19,330.2,332.7,331.45
2018-09-18,329.1,331.3,330.2
2018-09-17,330.1,332.2,331.15
2018-09-14,328.9,339.7,334.3
2018-09-13,332.6,350.6,341.6
2018-09-12,335.2,347,341.1
2018-09-11,328.5,337.5,333
2018-09-10,329.5,334.2,331.85
2018-09-07,329,331.9,330.45
2018-09-06,329.8,329.5,329.65
2018-09-05,334.9,334.2,334.55
2018-09-04,328.8,327,327.9
2018-09-03,327.8,326,326.9
2018-08-31,325.9,323.4,324.65
2018-08-30,324.3,321.7,323
2018-08-29,321.6,318.1,319.85
2018-08-28,317.2,314.2,315.7
2018-08-24,310.6,309.5,310.05
2018-08-23,306,306.8,306.4
2018-08-22,305.8,307.9,306.85
2018-08-21,305.9,307.7,306.8
2018-08-20,303.7,306.1,304.9
2018-08-17,307.5,308.8,308.15
2018-08-16,311.2,312.4,311.8
2018-08-15,310.8,312.1,311.45
2018-08-14,311.2,313.8,312.5
2018-08-13,310.8,314.9,312.85
2018-08-10,315.7,318,316.85
2018-08-09,321.7,323.3,322.5
2018-08-08,319.4,320.9,320.15
2018-08-07,323,323.5,323.25
2018-08-06,327.3,325.5,326.4
2018-08-03,324.3,323.4,323.85
2018-08-02,318.3,317.2,317.75
2018-08-01,314.5,314.8,314.65
2018-07-31,317.9,317.8,317.85
2018-07-30,320.8,320.8,320.8
2018-07-27,323.9,322.8,323.35
2018-07-26,324.1,323.4,323.75
2018-07-25,327.4,325.7,326.55
2018-07-24,326.1,325.2,325.65
2018-07-23,324,322.3,323.15
2018-07-20,322.2,321.2,321.7
2018-07-19,318.4,318.4,318.4
2018-07-18,322.1,320.3,321.2
2018-07-17,326.3,323.4,324.85
2018-07-16,345.1,330.3,337.7
2018-07-13,339.1,326.7,332.9
2018-07-12,339.6,329,334.3
2018-07-11,340.2,331.3,335.75
2018-07-10,339.7,332.1,335.9
2018-07-09,339.3,330.9,335.1
2018-07-06,340.9,331.3,336.1
2018-07-05,341.7,330.2,335.95
2018-07-04,341.1,331.6,336.35
2018-07-03,336.6,328.4,332.5
2018-07-02,339.7,331.5,335.6
2018-06-29,349.5,343.9,346.7
2018-06-28,350.2,344,347.1
2018-06-27,342.4,337.5,339.95
2018-06-26,350,345.6,347.8
2018-06-25,345.1,341.3,343.2
2018-06-22,344.5,341.9,343.2
2018-06-21,341.8,338.1,339.95
2018-06-20,342.1,338.3,340.2
2018-06-19,338.8,336.2,337.5
2018-06-18,342,340,341
2018-06-15,342.1,341.1,341.6
2018-06-14,347.5,345.8,346.65
2018-06-13,353.4,351.2,352.3
2018-06-12,352,349.7,350.85
2018-06-11,351,348.4,349.7
2018-06-08,346.5,343.7,345.1
2018-06-07,335.6,333.3,334.45
2018-06-06,347.3,343.4,345.35
2018-06-05,343.7,339.2,341.45
2018-06-04,337.4,334.3,335.85
2018-06-01,353,348.5,350.75
2018-05-31,354.6,351,352.8
2018-05-30,348.9,346.2,347.55
2018-05-29,350.1,345.7,347.9
2018-05-25,351.4,347.2,349.3
2018-05-24,351.4,346.6,349
2018-05-23,349.4,345.8,347.6
2018-05-22,343,338.9,340.95
2018-05-21,340,335.7,337.85
2018-05-18,330.2,325.8,328
2018-05-17,326.7,323.8,325.25
2018-05-16,322.5,320.5,321.5
2018-05-15,322.4,319.4,320.9
2018-05-14,321.1,316.6,318.85
2018-05-11,320.7,315.7,318.2
2018-05-10,323.4,318.4,320.9
2018-05-09,323.9,319.4,321.65
2018-05-08,327.6,321.9,324.75
2018-05-04,321.1,319.5,320.3
2018-05-03,323.5,322.5,323
2018-05-02,323.8,323.5,323.65
2018-05-01,325.4,324.1,324.75
2018-04-30,330.8,327.8,329.3
2018-04-27,327.6,325.1,326.35
2018-04-26,321.7,319.7,320.7
2018-04-25,312.3,311.4,311.85
2018-04-24,324.5,320.8,322.65
2018-04-23,329.2,324.1,326.65
2018-04-20,342.4,335.2,338.8
2018-04-19,343.2,337.2,340.2
2018-04-18,341.1,334.9,338
2018-04-17,335.8,330.5,333.15
2018-04-16,340.6,336.7,338.65
2018-04-13,352.6,339,345.8
2018-04-12,349.6,337.6,343.6
2018-04-11,346.2,335.2,340.7
2018-04-10,345.6,336,340.8
2018-04-09,347.6,341.1,344.35
2018-04-06,348.7,342.4,345.55
2018-04-05,350.2,343.6,346.9
2018-04-04,351.2,343.2,347.2
2018-04-03,354.7,345.9,350.3
2018-03-29,351.2,342.8,347
2018-03-28,347.8,339.6,343.7
2018-03-27,355.9,346.9,351.4
2018-03-26,355.2,346.2,350.7
2018-03-23,357.2,348.1,352.65
2018-03-22,356.1,349.7,352.9
2018-03-21,353.4,348.6,351
2018-03-20,349.8,345.9,347.85
2018-03-19,356.6,352.3,354.45
2018-03-16,348.3,346.1,347.2
2018-03-15,349,347.8,348.4
2018-03-14,353.9,349.7,351.8
2018-03-13,353.7,349.6,351.65
2018-03-12,359.4,354.5,356.95
2018-03-09,357.3,352.5,354.9
2018-03-08,356.7,352.3,354.5
2018-03-07,354.1,350.1,352.1
2018-03-06,366.3,363,364.65
2018-03-05,367.1,365.1,366.1
2018-03-02,363.2,361.2,362.2
2018-03-01,368.5,365.4,366.95
2018-02-28,361.3,358.5,359.9
2018-02-27,350.5,349,349.75
2018-02-26,359.4,358.2,358.8
2018-02-23,361.9,360.5,361.2
2018-02-22,362.9,362,362.45
2018-02-21,356.7,356.3,356.5
2018-02-20,357.9,356.5,357.2
2018-02-19,361.5,360.9,361.2
2018-02-16,356.8,356.8,356.8
2018-02-15,361.1,361.7,361.4
2018-02-14,357.1,357.9,357.5
2018-02-13,359.6,360.2,359.9
2018-02-12,356.1,361,358.55
2018-02-09,354.7,358.5,356.6
2018-02-08,350.8,357.1,353.95
2018-02-07,361,365.4,363.2
2018-02-06,357.6,361.9,359.75
2018-02-05,361.2,364.3,362.75
2018-02-02,358.1,360.8,359.45
2018-02-01,355.6,357.5,356.55
2018-01-31,352.4,356.5,354.45
2018-01-30,362.3,365.1,363.7
2018-01-29,361.4,364.8,363.1
2018-01-26,355.6,358.4,357
2018-01-25,353.8,356.2,355
2018-01-24,351,353.8,352.4
2018-01-23,352,355,353.5
2018-01-22,352.9,356,354.45
2018-01-19,353.5,357,355.25
2018-01-18,353.1,355.2,354.15
2018-01-17,360.9,362.7,361.8
2018-01-16,363.4,365.9,364.65
2018-01-15,371.4,373.6,372.5
2018-01-12,375,378.3,376.65
2018-01-11,376.9,379.5,378.2
2018-01-10,387.6,388.8,388.2
2018-01-09,389.6,389.2,389.4
2018-01-08,390.9,390.3,390.6
2018-01-05,396.7,394.8,395.75
2018-01-04,398.7,396.7,397.7
2018-01-03,399.3,397.2,398.25
2018-01-02,398.6,396.2,397.4
2017-12-29,394.7,393.2,393.95
2017-12-28,393.8,392.3,393.05
2017-12-27,393,391.8,392.4
2017-12-22,385.5,383.3,384.4
2017-12-21,386.9,384.9,385.9
2017-12-20,381.3,380.3,380.8
2017-12-19,377.2,376.8,377
2017-12-18,362,362.2,362.1
2017-12-15,360.5,360.6,360.55
2017-12-14,361.5,361.8,361.65
2017-12-13,363.9,363.6,363.75
2017-12-12,361.9,362.6,362.25
2017-12-11,365.5,366.5,366
2017-12-08,366.8,368.8,367.8
2017-12-07,371.2,373.9,372.55
2017-12-06,375.3,378.8,377.05
2017-12-05,383,386.6,384.8
2017-12-04,386.4,390,388.2
2017-12-01,388.9,391.1,390
2017-11-30,390.4,392.9,391.65
2017-11-29,389.3,391.9,390.6
2017-11-28,389.4,392.2,390.8
2017-11-27,394.8,397.8,396.3
2017-11-24,397.1,399.7,398.4
2017-11-23,394.8,398.6,396.7
2017-11-22,393.1,396.8,394.95
2017-11-21,386.5,390.9,388.7
2017-11-20,388.8,392.8,390.8
2017-11-17,393.8,398.2,396
2017-11-16,393.9,398.2,396.05
2017-11-15,392.4,390.8,391.6
2017-11-14,400.2,392.8,396.5
2017-11-13,401.1,394,397.55
2017-11-10,396.2,389.3,392.75
2017-11-09,395.7,389.6,392.65
2017-11-08,393.7,388.1,390.9
2017-11-07,386.2,382.9,384.55
2017-11-06,382.9,380,381.45
2017-11-03,385.1,377.5,381.3
2017-11-02,374.8,374,374.4
2017-11-01,382.4,382.6,382.5
2017-10-31,384.4,384.8,384.6
2017-10-30,383.5,383.7,383.6
2017-10-27,380.9,381.5,381.2
2017-10-26,373.4,373.6,373.5
2017-10-25,374.1,374.9,374.5
2017-10-24,374.8,376,375.4
2017-10-23,368.1,369.1,368.6
2017-10-20,368.8,370.5,369.65
2017-10-19,371.8,373.7,372.75
2017-10-18,370.3,372.6,371.45
2017-10-17,368.3,370.8,369.55
2017-10-16,369,372.9,370.95
2017-10-13,374.8,377.9,376.35
2017-10-12,375.6,377.4,376.5
2017-10-11,376.5,377.8,377.15
2017-10-10,372.8,374.4,373.6
2017-10-09,371.7,372,371.85
2017-10-06,371.9,371.8,371.85
2017-10-05,377.6,376.8,377.2
2017-10-04,375.7,375.4,375.55
2017-10-03,365.5,368.8,367.15
2017-10-02,369.1,373.2,371.15
2017-09-29,362.2,367.1,364.65
2017-09-28,358.7,364.7,361.7
2017-09-27,356.2,362.6,359.4
2017-09-26,355.6,362.5,359.05
2017-09-25,362.2,370.5,366.35
2017-09-22,368.1,376,372.05
2017-09-21,370.1,378.5,374.3
2017-09-20,371,379.6,375.3
2017-09-19,365,375,370
2017-09-18,376.9,385.8,381.35
2017-09-15,369.2,383.6,376.4
2017-09-14,374.1,373.9,374
2017-09-13,369,372.3,370.65
2017-09-12,365.5,369.1,367.3
2017-09-11,377,378.3,377.65
2017-09-08,374.3,375.7,375
2017-09-07,376.6,378,377.3
2017-09-06,380.6,382.1,381.35
2017-09-05,377.5,378.5,378
2017-09-04,374.1,376.6,375.35
2017-09-01,371.4,375,373.2
2017-08-31,386.9,390,388.45
2017-08-30,379.6,381,380.3
2017-08-29,378.2,379.1,378.65
2017-08-25,384.7,384.8,384.75
2017-08-24,382.6,384.3,383.45
2017-08-23,374.6,377.7,376.15
2017-08-22,373.4,377.4,375.4
2017-08-21,372.4,375.9,374.15
2017-08-18,370.6,374.5,372.55
2017-08-17,369.6,373.8,371.7
2017-08-16,361,366.5,363.75
2017-08-15,363.1,368.5,365.8
2017-08-14,370.5,375.4,372.95
2017-08-11,364.4,370.2,367.3
2017-08-10,366.5,373.1,369.8
2017-08-09,377.9,383.7,380.8
2017-08-08,380.5,386.1,383.3
2017-08-07,382.1,386.4,384.25
2017-08-04,386.9,391.4,389.15
2017-08-03,388.8,394.1,391.45
2017-08-02,397.1,402.5,399.8
2017-08-01,399.3,405.9,402.6
2017-07-31,402.3,408.7,405.5
2017-07-28,389.8,397.1,393.45
2017-07-27,393,398.2,395.6
2017-07-26,389.2,393.3,391.25
2017-07-25,382,387,384.5
2017-07-24,393.3,397.6,395.45
2017-07-21,394,396.7,395.35
2017-07-20,395.5,396.7,396.1
2017-07-19,398.6,399.7,399.15
2017-07-18,390,391.3,390.65
2017-07-17,394.3,394.5,394.4
2017-07-14,418,399,408.5
2017-07-13,418.2,397.8,408
2017-07-12,406.4,383.3,394.85
2017-07-11,402.2,381.7,391.95
2017-07-10,405,383.5,394.25
2017-07-07,418.1,391.7,404.9
2017-07-06,415.9,389.1,402.5
2017-07-05,412.7,386.9,399.8
2017-07-04,412.1,388.9,400.5
2017-07-03,409.1,390.5,399.8
2017-06-30,403.7,387.7,395.7
2017-06-29,399.7,384.2,391.95
2017-06-28,386.8,369.3,378.05
2017-06-27,388.9,371.6,380.25
2017-06-26,386.8,370.6,378.7
2017-06-23,395.5,377.3,386.4
2017-06-22,392.5,375.1,383.8
2017-06-21,397.2,378.9,388.05
2017-06-20,407.5,390.6,399.05
2017-06-19,402.6,385.7,394.15
2017-06-16,399.5,385.8,392.65
2017-06-15,399.3,386.6,392.95
2017-06-14,401.6,390.2,395.9
2017-06-13,405.9,395,400.45
2017-06-12,410.2,399.1,404.65
2017-06-09,416.9,404,410.45
2017-06-08,420.3,405.6,412.95
2017-06-07,418.2,400.9,409.55
2017-06-06,413.9,398,405.95
2017-06-05,412.9,398.3,405.6
2017-06-02,410.3,394.9,402.6
2017-06-01,422.1,406,414.05
2017-05-31,434.8,419.9,427.35
2017-05-30,438.4,423.3,430.85
2017-05-29,439.2,424.9,432.05
2017-05-26,439.2,424.9,432.05
2017-05-25,450.9,436.6,443.75
2017-05-24,451.4,436.7,444.05
2017-05-23,453.3,440.6,446.95
2017-05-22,466.9,451.1,459
2017-05-19,464.6,449,456.8
2017-05-18,455.3,441.6,448.45
2017-05-17,459.2,447.3,453.25
2017-05-16,448,437.8,442.9
2017-05-15,439.1,432.4,435.75
2017-05-12,442,432.1,437.05
2017-05-11,447.6,436,441.8
2017-05-10,453.5,441,447.25
2017-05-09,445.5,433.2,439.35
2017-05-08,442.8,430.8,436.8
2017-05-05,441.3,430.1,435.7
2017-05-04,442.5,431.4,436.95
2017-05-03,450.2,438.1,444.15
2017-05-02,452.6,441,446.8
2017-04-28,459.5,447.7,453.6
2017-04-27,446.4,435.8,441.1
2017-04-26,453.3,439.4,446.35
2017-04-25,469,453.2,461.1
2017-04-24,469.2,454.2,461.7
2017-04-21,471.3,456.6,463.95
2017-04-20,467.9,454.8,461.35
2017-04-19,469.3,457,463.15
2017-04-18,475.9,462.2,469.05
2017-04-13,478.3,470.3,474.3
2017-04-12,479.7,472.6,476.15
2017-04-11,484.2,473.2,478.7
2017-04-10,478.8,471.8,475.3
2017-04-07,484,472.7,478.35
2017-04-06,473.6,466.1,469.85
2017-04-05,464.2,459.7,461.95
2017-04-04,464.3,462.1,463.2
2017-04-03,473.4,470.7,472.05
2017-03-31,477.2,475,476.1
2017-03-30,479,476.7,477.85
2017-03-29,485.3,482.5,483.9
2017-03-28,495.3,490.6,492.95
2017-03-27,497.9,492.7,495.3
2017-03-24,501,493.7,497.35
2017-03-23,498.8,492,495.4
2017-03-22,488.3,483.3,485.8
2017-03-21,485.9,482.3,484.1
2017-03-20,495.7,491.2,493.45
2017-03-17,509.5,501.6,505.55
2017-03-16,510.3,502.3,506.3
2017-03-15,513.8,505.2,509.5
2017-03-14,512.6,504.8,508.7
2017-03-13,513.1,505.7,509.4
2017-03-10,512.4,504.8,508.6
2017-03-09,509.9,502.2,506.05
2017-03-08,520.7,512.5,516.6
2017-03-07,520.3,512.8,516.55
2017-03-06,534,525.9,529.95
2017-03-03,541.9,532.5,537.2
2017-03-02,543.6,533.5,538.55
2017-03-01,539.4,529.3,534.35
2017-02-28,532.6,522.2,527.4
2017-02-27,528.2,520.1,524.15
2017-02-24,542.1,533.5,537.8
2017-02-23,548.6,539.9,544.25
2017-02-22,560.5,551.6,556.05
2017-02-21,560.6,551.9,556.25
2017-02-20,554.3,546,550.15
2017-02-17,550.1,542,546.05
2017-02-16,551.7,543.8,547.75
2017-02-15,553.5,545.2,549.35
2017-02-14,548.8,542.2,545.5
2017-02-13,532.4,537.3,534.85
2017-02-10,528.6,541.1,534.85
2017-02-09,536.9,548.1,542.5
2017-02-08,544.4,550.9,547.65
2017-02-07,542,548.3,545.15
2017-02-06,553.8,558.2,556
2017-02-03,550.9,555.7,553.3
2017-02-02,542.9,546.9,544.9
2017-02-01,546.5,550.3,548.4
2017-01-31,540,544.2,542.1
2017-01-30,538,542,540
2017-01-27,537.5,541.7,539.6
2017-01-26,537.3,541.5,539.4
2017-01-25,535.8,540,537.9
2017-01-24,540.9,544.7,542.8
2017-01-23,541,544.8,542.9
2017-01-20,530.4,535,532.7
2017-01-19,530.7,534.7,532.7
2017-01-18,542.5,544.7,543.6
2017-01-17,538.4,540.9,539.65
2017-01-16,534,536.5,535.25
2017-01-13,534.6,538.5,536.55
2017-01-12,539.4,540.9,540.15
2017-01-11,539.1,539.6,539.35
2017-01-10,536.4,537.4,536.9
2017-01-09,538.2,538,538.1
2017-01-06,543.4,541.6,542.5
2017-01-05,546.5,543.8,545.15
2017-01-04,550.2,544.3,547.25
2017-01-03,542.9,536.3,539.6
2016-12-30,524.2,518,521.1
2016-12-29,520.9,515.3,518.1
2016-12-28,509.2,503.8,506.5
2016-12-23,491,487.5,489.25
2016-12-22,490.6,487.5,489.05
2016-12-21,491.8,488.6,490.2
2016-12-20,492.6,489.9,491.25
2016-12-19,490.1,488.5,489.3
2016-12-16,492.4,489.5,490.95
2016-12-15,498.2,495.4,496.8
2016-12-14,485.7,483.4,484.55
2016-12-13,499.2,495.6,497.4
2016-12-12,513.4,507.4,510.4
2016-12-09,512,506,509
2016-12-08,515.3,510.1,512.7
2016-12-07,519.7,514.4,517.05
2016-12-06,519.9,513,516.45
2016-12-05,506.6,500.7,503.65
2016-12-02,509.4,504.6,507
2016-12-01,515.3,510.1,512.7
2016-11-30,526.4,520.1,523.25
2016-11-29,525.2,518.8,522
2016-11-28,529.4,522.8,526.1
2016-11-25,527.5,520.8,524.15
2016-11-24,522.4,516.6,519.5
2016-11-23,522.4,516.7,519.55
2016-11-22,526.5,521.3,523.9
2016-11-21,538.3,532.6,535.45
2016-11-18,535.9,529.9,532.9
2016-11-17,537.9,532.5,535.2
2016-11-16,541.2,535.8,538.5
2016-11-15,560.3,554.7,557.5
2016-11-14,569,567.3,568.15
2016-11-11,575,570.5,572.75
2016-11-10,575,568.9,571.95
2016-11-09,582.3,577.7,580
2016-11-08,576.1,574,575.05
2016-11-07,580.7,579.4,580.05
2016-11-04,574.4,569.9,572.15
2016-11-03,568.2,564.1,566.15
2016-11-02,574,569.9,571.95
2016-11-01,567.2,560.7,563.95
2016-10-31,579.4,571,575.2
2016-10-28,589.5,582.8,586.15
2016-10-27,596.8,591.1,593.95
2016-10-26,595.7,590.8,593.25
2016-10-25,596.4,593.9,595.15
2016-10-24,605.5,601.6,603.55
2016-10-21,593.8,590.7,592.25
2016-10-20,593.4,590,591.7
2016-10-19,594.1,593.3,593.7
2016-10-18,597.9,596.4,597.15
2016-10-17,604.3,601.1,602.7
2016-10-14,593.6,593.4,593.5
2016-10-13,592.7,593.4,593.05
2016-10-12,594,596.5,595.25
2016-10-11,597.9,600.1,599
2016-10-10,592.3,595.9,594.1
2016-10-07,598.7,601.7,600.2
2016-10-06,590.5,594,592.25
2016-10-05,604.5,608.6,606.55
2016-10-04,595.5,598.4,596.95
2016-10-03,588.3,589.2,588.75
2016-09-30,597.2,597.9,597.55
2016-09-29,602.7,604.5,603.6
2016-09-28,612,612.8,612.4
2016-09-27,605.2,607.1,606.15
2016-09-26,598.9,600.7,599.8
2016-09-23,592.2,593.9,593.05
2016-09-22,591.7,592.8,592.25
2016-09-21,590.5,591.7,591.1
2016-09-20,588.3,590.1,589.2
2016-09-19,587.4,588.6,588
2016-09-16,583.4,583.4,583.4
2016-09-15,553.7,556,554.85
2016-09-14,539.5,546.4,542.95
2016-09-13,560.7,557.4,559.05
2016-09-12,556.7,549.8,553.25
2016-09-09,541.2,544.2,542.7
2016-09-08,541.4,548.1,544.75
2016-09-07,538.1,546.7,542.4
2016-09-06,539.2,546.4,542.8
2016-09-05,540.2,544.7,542.45
2016-09-02,539,543.6,541.3
2016-09-01,530.8,536.7,533.75
2016-08-31,529.1,537.3,533.2
2016-08-30,537.5,545.3,541.4
2016-08-26,540.2,549.1,544.65
2016-08-25,538.7,546.7,542.7
2016-08-24,529.9,538.6,534.25
2016-08-23,542.1,549.6,545.85
2016-08-22,538.4,545.3,541.85
2016-08-19,525.3,533.4,529.35
2016-08-18,535.6,541.4,538.5
2016-08-17,530.7,536,533.35
2016-08-16,544.5,547.6,546.05
2016-08-15,540.3,542.9,541.6
2016-08-12,534.1,537.2,535.65
2016-08-11,532.7,535.9,534.3
2016-08-10,530.5,533.4,531.95
2016-08-09,549.4,551.9,550.65
2016-08-08,553.1,555.7,554.4
2016-08-05,551.4,553.5,552.45
2016-08-04,542.7,541.7,542.2
2016-08-03,528.4,528.8,528.6
2016-08-02,528.4,529.6,529
2016-08-01,520.7,522.7,521.7
2016-07-29,528.4,529.4,528.9
2016-07-28,518.1,520.5,519.3
2016-07-27,522,524.2,523.1
2016-07-26,528.5,530.7,529.6
2016-07-25,537.5,541,539.25
2016-07-22,537.8,538.6,538.2
2016-07-21,539.7,538.5,539.1
2016-07-20,533.9,532.3,533.1
2016-07-19,535.5,533.4,534.45
2016-07-18,534,531.5,532.75
2016-07-15,533.6,531.1,532.35
2016-07-14,523.7,544.6,534.15
2016-07-13,533.5,538.8,536.15
2016-07-12,543.2,544.2,543.7
2016-07-11,557.8,556.3,557.05
2016-07-08,542.7,540.8,541.75
2016-07-07,547.1,543.6,545.35
2016-07-06,563.5,559.9,561.7
2016-07-05,571.7,567.2,569.45
2016-07-04,564.9,564,564.45
2016-07-01,564,564,564
2016-06-30,552.5,551.1,551.8
2016-06-29,568.2,565,566.6
2016-06-28,548.1,544.7,546.4
2016-06-27,541.6,537.2,539.4
2016-06-24,531.9,528.5,530.2
2016-06-23,533.7,529.3,531.5
2016-06-22,530.7,526.2,528.45
2016-06-21,531.2,527.4,529.3
2016-06-20,536.4,534.1,535.25
2016-06-17,536,535.1,535.55
2016-06-16,532.2,531.4,531.8
2016-06-15,535,534.2,534.6
2016-06-14,526.1,525.1,525.6
2016-06-13,527.5,527.1,527.3
2016-06-10,529,528.6,528.8
2016-06-09,528.7,528.2,528.45
2016-06-08,527.7,527.3,527.5
2016-06-07,513.9,514.1,514
2016-06-06,507.7,508.5,508.1
2016-06-03,507.3,507,507.15
2016-06-02,494.8,495.4,495.1
2016-06-01,481.6,484,482.8
2016-05-31,483.8,485,484.4
2016-05-27,485.2,486.1,485.65
2016-05-26,484.1,484.8,484.45
2016-05-25,479.7,481.5,480.6
2016-05-24,468.7,470,469.35
2016-05-23,472.9,473.9,473.4
2016-05-20,481.2,481,481.1
2016-05-19,473.5,473.4,473.45
2016-05-18,476.8,475.6,476.2
2016-05-17,479.9,476.5,478.2
2016-05-16,480.7,476.7,478.7
2016-05-13,478.1,474,476.05
2016-05-12,484.1,479.5,481.8
2016-05-11,479.8,475.6,477.7
2016-05-10,465.2,461.3,463.25
2016-05-09,462.7,459,460.85
2016-05-06,458.4,454.7,456.55
2016-05-05,461.2,457.2,459.2
2016-05-04,476.8,472.3,474.55
2016-05-03,467.9,463.1,465.5
2016-04-29,467.4,463.4,465.4
2016-04-28,457.7,453.4,455.55
2016-04-27,460.8,456.3,458.55
2016-04-26,464,459.3,461.65
2016-04-25,460.4,455.5,457.95
2016-04-22,453.3,448.4,450.85
2016-04-21,458.2,453.7,455.95
2016-04-20,456.5,452.9,454.7
2016-04-19,445.7,441.8,443.75
2016-04-18,447.6,443.3,445.45
2016-04-15,440,436.5,438.25
2016-04-14,421.3,418.9,420.1
2016-04-13,411.8,416.7,414.25
2016-04-12,411.9,417.2,414.55
2016-04-11,413.3,418.2,415.75
2016-04-08,428.7,430.2,429.45
2016-04-07,422.3,423.1,422.7
2016-04-06,419.4,423.1,421.25
2016-04-05,419.3,424,421.65
2016-04-04,423.2,424.9,424.05
2016-04-01,436.8,434.6,435.7
2016-03-31,444.7,440.2,442.45
2016-03-30,454.4,448.5,451.45
2016-03-29,453.2,447.3,450.25
2016-03-24,454.4,447.6,451
2016-03-23,466.6,459.6,463.1
2016-03-22,463.4,456.4,459.9
2016-03-21,457.6,451.2,454.4
2016-03-18,450.8,445,447.9
2016-03-17,452.7,446.4,449.55
2016-03-16,443.2,438.3,440.75
2016-03-15,439,434.5,436.75
2016-03-14,438.5,434.6,436.55
2016-03-11,433.4,428.7,431.05
2016-03-10,426.8,422.4,424.6
2016-03-09,422.7,418.2,420.45
2016-03-08,426.1,421.6,423.85
2016-03-07,421.6,417,419.3
2016-03-04,423.8,418.7,421.25
2016-03-03,420.9,416.5,418.7
2016-03-02,414.7,410.8,412.75
2016-03-01,407.9,404.3,406.1
2016-02-29,406.9,403.6,405.25
2016-02-26,403.2,399.6,401.4
2016-02-25,405.3,401.4,403.35
2016-02-24,398.9,395,396.95
2016-02-23,395.9,392.5,394.2
2016-02-22,373.2,371.5,372.35
2016-02-19,368.4,366.9,367.65
2016-02-18,369.9,368.3,369.1
2016-02-17,373.4,373.7,373.55
2016-02-16,375.1,375.4,375.25
2016-02-15,380,376.8,378.4
2016-02-12,382.5,378.5,380.5
2016-02-11,386.1,380.7,383.4
2016-02-10,400.7,391.2,395.95
2016-02-09,402.9,392.5,397.7
2016-02-08,402.2,390.9,396.55
2016-02-05,396,385.5,390.75
2016-02-04,392.1,380,386.05
2016-02-03,399.4,388.2,393.8
2016-02-02,402.8,392,397.4
2016-02-01,402.1,391.4,396.75
2016-01-29,407,394,400.5
2016-01-28,407.2,396.9,402.05
2016-01-27,414.7,403.9,409.3
2016-01-26,419.4,410.4,414.9
2016-01-25,421,412.4,416.7
2016-01-22,428.5,417.9,423.2
2016-01-21,427.2,417.1,422.15
2016-01-20,417.8,409,413.4
2016-01-19,425.3,417.5,421.4
2016-01-18,426.8,418.8,422.8
2016-01-15,427.2,418.6,422.9
2016-01-14,428.4,419.9,424.15
2016-01-13,423,414.2,418.6
2016-01-12,412.5,405.8,409.15
2016-01-11,414.8,408.4,411.6
2016-01-08,419.7,412.7,416.2
2016-01-07,428.8,418.8,423.8
2016-01-06,419.2,410.8,415
2016-01-05,412.7,407.7,410.2
2016-01-04,419.2,413.9,416.55
2015-12-31,422.2,417.8,420
2015-12-30,419,415.1,417.05
2015-12-29,410.6,408.2,409.4
2015-12-24,414.8,412.8,413.8
2015-12-23,413.8,412,412.9
2015-12-22,411.6,409.6,410.6
2015-12-21,411,409.1,410.05
2015-12-18,413.7,412.1,412.9
2015-12-17,406.2,404.8,405.5
2015-12-16,401.5,399.7,400.6
2015-12-15,401.4,399.4,400.4
2015-12-14,401.4,399.4,400.4
2015-12-11,399.2,397.8,398.5
2015-12-10,398.2,397.2,397.7
2015-12-09,408.9,408.6,408.75
2015-12-08,406.1,406,406.05
2015-12-07,412.4,413.1,412.75
2015-12-04,415,415.5,415.25
2015-12-03,417,417.2,417.1
2015-12-02,412.3,412.5,412.4
2015-12-01,414,414.1,414.05
2015-11-30,403,404.1,403.55
2015-11-27,404.6,406,405.3
2015-11-26,404.4,405.9,405.15
2015-11-25,402.8,404.5,403.65
2015-11-24,405.3,406.8,406.05
2015-11-23,413.4,414.6,414
2015-11-20,409.7,411.6,410.65
2015-11-19,402.2,404.8,403.5
2015-11-18,390.8,394.1,392.45
2015-11-17,396.5,399.3,397.9
2015-11-16,405.3,408.2,406.75
2015-11-13,394.5,403.5,399
2015-11-12,387.7,402.6,395.15
2015-11-11,383.5,398,390.75
2015-11-10,384.8,398.7,391.75
2015-11-09,375.7,384.6,380.15
2015-11-06,385.8,393.8,389.8
2015-11-05,395.5,400.9,398.2
2015-11-04,396.4,399.4,397.9
2015-11-03,417.7,418.5,418.1
2015-11-02,407.5,409.5,408.5
2015-10-30,391.4,394.8,393.1
2015-10-29,392.3,395.8,394.05
2015-10-28,393.6,397.2,395.4
2015-10-27,388.6,391.9,390.25
2015-10-26,392.2,395.6,393.9
2015-10-23,383.9,388.3,386.1
2015-10-22,390.9,395.2,393.05
2015-10-21,386,389.1,387.55
2015-10-20,384.4,387,385.7
2015-10-19,388.7,391.3,390
2015-10-16,389.5,392,390.75
2015-10-15,388.6,390,389.3
2015-10-14,386.5,388.2,387.35
2015-10-13,381.4,383.3,382.35
2015-10-12,393,393.6,393.3
2015-10-09,392,393.4,392.7
2015-10-08,386.7,388.2,387.45
2015-10-07,388.7,387.8,388.25
2015-10-06,385.9,381.8,383.85
2015-10-05,386.8,381.8,384.3
2015-10-02,384,379.5,381.75
2015-10-01,378.4,373.7,376.05
2015-09-30,370,365.7,367.85
2015-09-29,361.6,357,359.3
2015-09-28,359.8,355.3,357.55
2015-09-25,360,355.9,357.95
2015-09-24,348.9,344.9,346.9
2015-09-23,341.5,338,339.75
2015-09-22,340.3,337.4,338.85
2015-09-21,341.4,339.3,340.35
2015-09-18,343.4,339.7,341.55
2015-09-17,354.7,350.3,352.5
2015-09-16,357.5,353.5,355.5
2015-09-15,346.9,355.4,351.15
2015-09-14,342.6,353.2,347.9
2015-09-11,346.1,354.5,350.3
2015-09-10,338.9,347.5,343.2
2015-09-09,346,351.6,348.8
2015-09-08,344.6,349.3,346.95
2015-09-07,347.9,352.1,350
2015-09-04,347.5,352,349.75
2015-09-03,349.4,352.8,351.1
2015-09-02,338,339.6,338.8
2015-09-01,336.3,340.2,338.25
2015-08-28,341.4,340.8,341.1
2015-08-27,342.9,341.6,342.25
2015-08-26,334.2,330.8,332.5
2015-08-25,339.6,335.4,337.5
2015-08-24,333.6,330.3,331.95
2015-08-21,333.7,331.2,332.45
2015-08-20,333.6,332.9,333.25
2015-08-19,339.2,335.5,337.35
2015-08-18,344.1,339.1,341.6
2015-08-17,347.5,340.6,344.05
2015-08-14,349.8,342.6,346.2
2015-08-13,349.7,342.6,346.15
2015-08-12,350.1,342.8,346.45
2015-08-11,352.6,345.3,348.95
2015-08-10,346.9,339.8,343.35
2015-08-07,345.3,339.8,342.55
2015-08-06,343.5,336.6,340.05
2015-08-05,345,339.5,342.25
2015-08-04,347.7,342.9,345.3
2015-08-03,347.1,342.6,344.85
2015-07-31,349.4,345,347.2
2015-07-30,353.5,348.3,350.9
2015-07-29,357.2,350.8,354
2015-07-28,349.3,344.4,346.85
2015-07-27,349.1,344.7,346.9
2015-07-24,346.6,343,344.8
2015-07-23,349.5,346.1,347.8
2015-07-22,348,345.2,346.6
2015-07-21,348.3,346.3,347.3
2015-07-20,347.9,346.9,347.4
2015-07-17,357.4,356,356.7
2015-07-16,369.2,361.5,365.35
2015-07-15,372.7,364.1,368.4
2015-07-14,375.1,368.1,371.6
2015-07-13,373.9,367.2,370.55
2015-07-10,372.8,366.1,369.45
2015-07-09,360,353.4,356.7
2015-07-08,371.4,364.2,367.8
2015-07-07,373.5,366.3,369.9
2015-07-06,375.9,370.2,373.05
2015-07-03,371.1,365.4,368.25
2015-07-02,368.3,363.2,365.75
2015-07-01,370.1,364.4,367.25
2015-06-30,370.3,364.6,367.45
2015-06-29,363.7,357.6,360.65
2015-06-26,359.8,352.7,356.25
2015-06-25,357,350.9,353.95
2015-06-24,364.3,356.4,360.35
2015-06-23,356.6,349.9,353.25
2015-06-22,357.5,352.4,354.95
2015-06-19,348.6,344.1,346.35
2015-06-18,345.4,343.8,344.6
2015-06-17,345.4,344.7,345.05
2015-06-16,344.2,343.1,343.65
2015-06-15,345,344.5,344.75
2015-06-12,347.2,348,347.6
2015-06-11,344.8,346.1,345.45
2015-06-10,349.5,351.2,350.35
2015-06-09,349.4,351.9,350.65
2015-06-08,351.2,354,352.6
2015-06-05,350.7,351.9,351.3
2015-06-04,351.5,352.3,351.9
2015-06-03,350.1,350.5,350.3
2015-06-02,355,355,355
2015-06-01,353.4,353.9,353.65
2015-05-29,349.1,349.1,349.1
2015-05-28,347.4,348.2,347.8
2015-05-27,345.7,347,346.35
2015-05-26,347.8,350.4,349.1
2015-05-22,351.3,354.1,352.7
2015-05-21,356.9,359.4,358.15
2015-05-20,360.6,362,361.3
2015-05-19,366.6,367.7,367.15
2015-05-18,367,367.4,367.2
2015-05-15,367.8,368.2,368
2015-05-14,370.1,369.1,369.6
2015-05-13,370.1,369.7,369.9
2015-05-12,383.3,381.1,382.2
2015-05-11,383.2,380.4,381.8
2015-05-08,382.7,380,381.35
2015-05-07,375.5,372.6,374.05
2015-05-06,373.5,370.9,372.2
2015-05-05,372.1,368.9,370.5
2015-05-01,373.4,370.5,371.95
2015-04-30,376.7,374.9,375.8
2015-04-29,374.9,373.8,374.35
2015-04-28,376.5,375.8,376.15
2015-04-27,377.8,377.2,377.5
2015-04-24,374.7,373.9,374.3
2015-04-23,368,369,368.5
2015-04-22,360.4,361.1,360.75
2015-04-21,357.4,357.5,357.45
2015-04-20,360.8,362,361.4
2015-04-17,372.7,371.6,372.15
2015-04-16,377.7,375.2,376.45
2015-04-15,370,363,366.5
2015-04-14,371.5,364.5,368
2015-04-13,366.9,362.1,364.5
2015-04-10,365.6,361.8,363.7
2015-04-09,363.6,360.8,362.2
2015-04-08,366.4,364,365.2
2015-04-07,366.8,359.6,363.2
2015-04-02,367.3,360.2,363.75
2015-04-01,358.1,353.2,355.65
2015-03-31,355.4,350.9,353.15
2015-03-30,357.5,353.3,355.4
2015-03-27,360,355.1,357.55
2015-03-26,363.2,359.3,361.25
2015-03-25,364.5,360.1,362.3
2015-03-24,364.8,359,361.9
2015-03-23,368.9,363.9,366.4
2015-03-20,366.5,362.2,364.35
2015-03-19,363.7,360.4,362.05
2015-03-18,365.9,361.8,363.85
2015-03-17,366.2,362.6,364.4
2015-03-16,368.1,362.4,365.25
2015-03-13,362.7,357.4,360.05
2015-03-12,371.1,369.5,370.3
2015-03-11,371.8,367.7,369.75
2015-03-10,370.4,365.8,368.1
2015-03-09,370.8,367.9,369.35
2015-03-06,374.2,371.7,372.95
2015-03-05,372.7,370.5,371.6
2015-03-04,369.2,367.8,368.5
2015-03-03,367.1,369.6,368.35
2015-03-02,370.4,373.7,372.05
2015-02-27,371.8,376,373.9
2015-02-26,376.2,381,378.6
2015-02-25,371.6,377.5,374.55
2015-02-24,378,383.9,380.95
2015-02-23,377.7,384,380.85
2015-02-20,381,387,384
2015-02-19,387.3,393.4,390.35
2015-02-18,395,400.8,397.9
2015-02-17,395.7,401.7,398.7
2015-02-16,391,396.8,393.9
2015-02-13,382.8,390.3,386.55
2015-02-12,383.4,391.2,387.3
2015-02-11,377,385.2,381.1
2015-02-10,383.8,387.8,385.8
2015-02-09,386.8,389.7,388.25
2015-02-06,381.8,383.6,382.7
2015-02-05,378.5,383.4,380.95
2015-02-04,377.7,385.1,381.4
2015-02-03,377.7,386.1,381.9
2015-02-02,371.8,382,376.9
2015-01-30,383.4,394.6,389
2015-01-29,384.6,395.3,389.95
2015-01-28,391.9,402.2,397.05
2015-01-27,394,403.9,398.95
2015-01-26,397.8,407,402.4
2015-01-23,393.4,402.5,397.95
2015-01-22,407.9,416.5,412.2
2015-01-21,408.3,416.6,412.45
2015-01-20,407.3,415,411.15
2015-01-19,397.3,405.7,401.5
2015-01-16,398.9,406.8,402.85
2015-01-15,399.8,406.7,403.25
2015-01-14,393.4,399.5,396.45
2015-01-13,391.8,397.5,394.65
2015-01-12,388.7,394.9,391.8
2015-01-09,392.6,399.8,396.2
2015-01-08,392.2,400.1,396.15
2015-01-07,389.9,398.4,394.15
2015-01-06,392.9,401.5,397.2
2015-01-05,380.5,389.4,384.95
2015-01-02,379.1,388.2,383.65
2014-12-31,391.2,400.4,395.8
2014-12-30,387.1,396.6,391.85
2014-12-29,386.2,395.8,391
2014-12-24,392,400.9,396.45
2014-12-23,390.7,399.9,395.3
2014-12-22,389.1,398.3,393.7
2014-12-19,390.9,400.6,395.75
2014-12-18,391.2,400.8,396
2014-12-17,384.7,395,389.85
2014-12-16,383.7,394.2,388.95
2014-12-15,388.7,399.4,394.05
2014-12-12,390.4,401.5,395.95
2014-12-11,393.3,404.1,398.7
2014-12-10,398.8,409.4,404.1
2014-12-09,398.9,409.7,404.3
2014-12-08,397.5,408.7,403.1
2014-12-05,395.1,406.3,400.7
2014-12-04,396.4,407.3,401.85
2014-12-03,396.3,407.2,401.75
2014-12-02,400.4,411.5,405.95
2014-12-01,407.1,417.5,412.3
2014-11-28,406.9,417.4,412.15
2014-11-27,414.5,425,419.75
2014-11-26,418.7,429.2,423.95
2014-11-25,415.8,426.5,421.15
2014-11-24,417.7,426.8,422.25
2014-11-21,420.7,429.3,425
2014-11-20,421.7,430.5,426.1
2014-11-19,416.4,425.1,420.75
2014-11-18,414.6,423,418.8
2014-11-17,416.1,424.2,420.15
2014-11-14,424.9,418.7,421.8
2014-11-13,424.1,420.8,422.45
2014-11-12,434.1,428.8,431.45
2014-11-11,432.1,425.2,428.65
2014-11-10,420.4,413.7,417.05
2014-11-07,418.9,414.5,416.7
2014-11-06,415.4,410.5,412.95
2014-11-05,415,410.3,412.65
2014-11-04,416.7,413.4,415.05
2014-11-03,422.7,418.8,420.75
2014-10-31,422.4,420.2,421.3
2014-10-30,427.6,426.9,427.25
2014-10-29,431.2,428.7,429.95
2014-10-28,427.8,424.4,426.1
2014-10-27,421.7,421.5,421.6
2014-10-24,429.1,428.8,428.95
2014-10-23,423.1,424.1,423.6
2014-10-22,424.4,429.9,427.15
2014-10-21,422.1,427.6,424.85
2014-10-20,427.7,432.7,430.2
2014-10-17,426,431.2,428.6
2014-10-16,427.2,432.6,429.9
2014-10-15,421.1,428.2,424.65
2014-10-14,426.6,435.5,431.05
2014-10-13,424.3,433.5,428.9
2014-10-10,422.4,432,427.2
2014-10-09,425.6,436.1,430.85
2014-10-08,430.1,441.3,435.7
2014-10-07,434.4,445.8,440.1
2014-10-06,434.4,445.7,440.05
2014-10-03,428.4,436.6,432.5
2014-10-02,419,428.2,423.6
2014-10-01,418.5,428.6,423.55
2014-09-30,422.3,434.6,428.45
2014-09-29,432.1,443.6,437.85
2014-09-26,428.1,439.4,433.75
2014-09-25,418.5,429.5,424
2014-09-24,415.5,424.6,420.05
2014-09-23,412.1,421.4,416.75
2014-09-22,409.6,420,414.8
2014-09-19,409.5,420.3,414.9
2014-09-18,413.6,425.7,419.65
2014-09-17,417.2,430.8,424
2014-09-16,415.1,431.2,423.15
2014-09-15,402.6,416.4,409.5
2014-09-12,389.3,410.9,400.1
2014-09-11,396.4,417.4,406.9
2014-09-10,396.6,419.3,407.95
2014-09-09,405.6,426.8,416.2
2014-09-08,413.6,431,422.3
2014-09-05,415.9,433.4,424.65
2014-09-04,417.6,436,426.8
2014-09-03,425.6,442.6,434.1
2014-09-02,428.8,445.1,436.95
2014-09-01,424.6,440.6,432.6
2014-08-29,423.1,438.9,431
2014-08-28,425.9,441.8,433.85
2014-08-27,426.3,440.6,433.45
2014-08-26,428.7,443.6,436.15
2014-08-22,425.7,441.1,433.4
2014-08-21,432.7,448.5,440.6
2014-08-20,424.9,442.7,433.8
2014-08-19,420.1,438,429.05
2014-08-18,425.4,442.8,434.1
2014-08-15,430.9,447.4,439.15
2014-08-14,430.6,446.2,438.4
2014-08-13,432.6,448.4,440.5
2014-08-12,432.4,447,439.7
2014-08-11,436.2,450.5,443.35
2014-08-08,433.3,448,440.65
2014-08-07,430.7,445,437.85
2014-08-06,436.8,451,443.9
2014-08-05,431.7,447.5,439.6
2014-08-04,434.7,450.1,442.4
2014-08-01,435.7,451.4,443.55
2014-07-31,437.7,452.6,445.15
2014-07-30,441.3,456.1,448.7
2014-07-29,440.2,455.8,448
2014-07-28,444.8,460.9,452.85
2014-07-25,447.8,463.8,455.8
2014-07-24,447.6,462.8,455.2
2014-07-23,447.2,461.9,454.55
2014-07-22,452,466.5,459.25
2014-07-21,455.8,468.7,462.25
2014-07-18,449.6,462.8,456.2
2014-07-17,450.2,464.3,457.25
2014-07-16,450.2,452.8,451.5
2014-07-15,449.7,454.3,452
2014-07-14,446.9,455.7,451.3
2014-07-11,448.3,454.3,451.3
2014-07-10,453.5,459.1,456.3
2014-07-09,459,462.4,460.7
2014-07-08,465.2,467.9,466.55
2014-07-07,462,464,463
2014-07-04,466.2,468.1,467.15
2014-07-03,470.1,472.7,471.4
2014-07-02,467.5,474.6,471.05
2014-07-01,466.1,473.9,470
2014-06-30,472.2,477.9,475.05
2014-06-27,481.1,486,483.55
2014-06-26,487.4,493.3,490.35
2014-06-25,488,491.4,489.7
2014-06-24,490.1,493.4,491.75
2014-06-23,489.8,493,491.4
2014-06-20,491.5,495.3,493.4
2014-06-19,488.5,492.8,490.65
2014-06-18,482.2,486.5,484.35
2014-06-17,469.9,476.9,473.4
2014-06-16,466.8,475.8,471.3
2014-06-13,465.2,473.9,469.55
2014-06-12,455.2,465.7,460.45
2014-06-11,456.2,467.5,461.85
2014-06-10,460.5,471.4,465.95
2014-06-09,459.9,470.5,465.2
2014-06-06,460.2,469.4,464.8
2014-06-05,460.1,468.7,464.4
2014-06-04,465.4,474.1,469.75
2014-06-03,467.5,476.3,471.9
2014-06-02,467.5,475.5,471.5
2014-05-30,470.9,478.8,474.85
2014-05-29,473,480.7,476.85
2014-05-28,467.2,474.9,471.05
2014-05-27,465.3,473.1,469.2
2014-05-23,470.9,479.2,475.05
2014-05-22,469.6,478.2,473.9
2014-05-21,473.2,481.1,477.15
2014-05-20,477.7,484.8,481.25
2014-05-19,482.4,487,484.7
2014-05-16,488.5,490.6,489.55
2014-05-15,493.4,495.4,494.4
2014-05-14,494.4,495.6,495
2014-05-13,485.8,486.3,486.05
2014-05-12,473.3,475,474.15
2014-05-09,469.2,473,471.1
2014-05-08,469.2,473.6,471.4
2014-05-07,468.7,473.7,471.2
2014-05-06,466.6,471.2,468.9
2014-05-02,470.5,476.1,473.3
2014-05-01,478.4,483.5,480.95
2014-04-30,476.9,482,479.45
2014-04-29,473.4,479.7,476.55
2014-04-28,471.9,478.9,475.4
2014-04-25,477.6,486,481.8
2014-04-24,476.1,484.8,480.45
2014-04-23,479.8,488.3,484.05
2014-04-22,472.7,481.8,477.25
2014-04-17,464,472.8,468.4
2014-04-16,470.4,479.4,474.9
2014-04-15,442.2,467.4,454.8
2014-04-14,423.2,463.7,443.45
2014-04-11,436,465.9,450.95
2014-04-10,448.9,470.3,459.6
2014-04-09,454.7,470.7,462.7
2014-04-08,460.4,475.4,467.9
2014-04-07,455.8,469.5,462.65
2014-04-04,463.9,476.3,470.1
2014-04-03,460.2,472.9,466.55
2014-04-02,453.5,468.8,461.15
2014-04-01,458.5,473,465.75
2014-03-31,474.2,487.1,480.65
2014-03-28,478,488.9,483.45
2014-03-27,477.7,487.6,482.65
2014-03-26,463.4,474.5,468.95
2014-03-25,453.6,465.2,459.4
2014-03-24,450.2,462.4,456.3
2014-03-21,448.7,461.7,455.2
2014-03-20,454,466.7,460.35
2014-03-19,459.6,470.8,465.2
2014-03-18,456.1,467.1,461.6
2014-03-17,453.5,464.2,458.85
2014-03-14,457.1,467.5,462.3
2014-03-13,463.7,477.2,470.45
2014-03-12,461.9,473.9,467.9
2014-03-11,471,481.6,476.3
2014-03-10,478.1,488.2,483.15
2014-03-07,475.4,486.3,480.85
2014-03-06,485.7,494.4,490.05
2014-03-05,485.1,492.8,488.95
2014-03-04,476.5,484.1,480.3
2014-03-03,477.8,485.3,481.55
2014-02-28,476.3,482.3,479.3
2014-02-27,483.5,487.9,485.7
2014-02-26,476,480.8,478.4
2014-02-25,476.6,481.5,479.05
2014-02-24,477.3,482,479.65
2014-02-21,465.9,470.9,468.4
2014-02-20,458.4,463.7,461.05
2014-02-19,462,466.1,464.05
2014-02-18,455.9,459.3,457.6
2014-02-17,444.2,449.9,447.05
2014-02-14,441.5,447.3,444.4
2014-02-13,450.6,443.2,446.9
2014-02-12,453.6,446.3,449.95
2014-02-11,438.8,433.8,436.3
2014-02-10,438.9,434,436.45
2014-02-07,435.4,436.5,435.95
2014-02-06,434.8,437.8,436.3
2014-02-05,439.6,442.3,440.95
2014-02-04,435.2,440.5,437.85
2014-02-03,426.7,433.1,429.9
2014-01-31,424,429.9,426.95
2014-01-30,409.3,417.4,413.35
2014-01-29,403.1,411.9,407.5
2014-01-28,408.5,417.4,412.95
2014-01-27,402.5,412.8,407.65
2014-01-24,407,417.9,412.45
2014-01-23,405.3,417.5,411.4
2014-01-22,404.5,417.2,410.85
2014-01-21,408.7,420.7,414.7
2014-01-20,413.3,424.2,418.75
2014-01-17,412.3,423.8,418.05
2014-01-16,418.5,429.4,423.95
2014-01-15,416.6,425.9,421.25
2014-01-14,424,432.3,428.15
2014-01-13,427.5,435.5,431.5
2014-01-10,426.4,434.7,430.55
2014-01-09,425.6,433.9,429.75
2014-01-08,432.3,439.9,436.1
2014-01-07,439.5,446.5,443
2014-01-06,440.5,447.3,443.9
2014-01-03,440.4,447.4,443.9
2014-01-02,445.4,452.1,448.75
2013-12-31,449,456.5,452.75
2013-12-30,446,453.5,449.75
2013-12-27,447,454.5,450.75
2013-12-24,443.4,451,447.2
2013-12-23,441.7,449.6,445.65
2013-12-20,446.5,454.2,450.35
2013-12-19,438.8,446.7,442.75
2013-12-18,433.4,441,437.2
2013-12-17,435.8,443.5,439.65
2013-12-16,443.3,449.9,446.6
2013-12-13,443.9,450.5,447.2
2013-12-12,445.2,452.5,448.85
2013-12-11,449.1,455.8,452.45
2013-12-10,451.4,458.3,454.85
2013-12-09,448.1,455,451.55
2013-12-06,448.7,456.2,452.45
2013-12-05,449.9,457.3,453.6
2013-12-04,450,457.2,453.6
2013-12-03,452.1,460.1,456.1
2013-12-02,455,462.9,458.95
2013-11-29,464,469.7,466.85
2013-11-28,461.1,467.3,464.2
2013-11-27,460.4,467.4,463.9
2013-11-26,461.5,469.2,465.35
2013-11-25,462.6,469.1,465.85
2013-11-22,464.1,470.7,467.4
2013-11-21,467.4,474.1,470.75
2013-11-20,468.3,474.3,471.3
2013-11-19,469.2,475,472.1
2013-11-18,470,476.8,473.4
2013-11-15,452.8,464.3,458.55
2013-11-14,450,468.1,459.05
2013-11-13,457.5,471.2,464.35
2013-11-12,464,474.9,469.45
2013-11-11,469.8,478.2,474
2013-11-08,473.6,480.3,476.95
2013-11-07,475.1,480.7,477.9
2013-11-06,480,482.8,481.4
2013-11-05,483.5,484.5,484
2013-11-04,485.6,486.3,485.95
2013-11-01,481.3,485.7,483.5
2013-10-31,483.3,488.3,485.8
2013-10-30,485.1,489,487.05
2013-10-29,488.8,491.3,490.05
2013-10-28,499.7,501.6,500.65
2013-10-25,503.3,504.9,504.1
2013-10-24,502.3,503.4,502.85
2013-10-23,509,510,509.5
2013-10-22,513.8,513.2,513.5
2013-10-21,511.9,511.9,511.9
2013-10-18,513.8,514.5,514.15
2013-10-17,506.3,504.3,505.3
2013-10-16,506.9,504,505.45
2013-10-15,500.1,497.2,498.65
2013-10-14,508.1,504.4,506.25
2013-10-11,506.7,502.3,504.5
2013-10-10,505.6,498.9,502.25
2013-10-09,497.2,494,495.6
2013-10-08,497.4,495.3,496.35
2013-10-07,497.5,495.9,496.7
2013-10-04,492,493.4,492.7
2013-10-03,491.2,493.2,492.2
2013-10-02,492.2,493.5,492.85
2013-10-01,488.7,489.9,489.3
2013-09-30,486.1,486.6,486.35
2013-09-27,478.9,478.8,478.85
2013-09-26,488.6,488.8,488.7
2013-09-25,490.8,489.4,490.1
2013-09-24,486.9,485.7,486.3
2013-09-23,486,484.1,485.05
2013-09-20,486.4,484.2,485.3
2013-09-19,487.5,484.9,486.2
2013-09-18,481.1,478.9,480
2013-09-17,480.2,477.6,478.9
2013-09-16,485.7,480.9,483.3
2013-09-13,493.6,492,492.8
2013-09-12,494.5,492.6,493.55
2013-09-11,497.1,491.9,494.5
2013-09-10,497.9,490.9,494.4
2013-09-09,496.1,485.8,490.95
2013-09-06,492.8,479.5,486.15
2013-09-05,484.9,475.5,480.2
2013-09-04,480.1,472.5,476.3
2013-09-03,479,473.3,476.15
2013-09-02,477.8,472.4,475.1
2013-08-30,477.9,472.4,475.15
2013-08-29,476.7,471.7,474.2
2013-08-28,477.9,472.2,475.05
2013-08-27,479.4,473.9,476.65
2013-08-23,483.1,474.2,478.65
2013-08-22,482.2,472.2,477.2
2013-08-21,483.7,473,478.35
2013-08-20,488.5,476.5,482.5
2013-08-19,491.4,478.4,484.9
2013-08-16,503.3,488.4,495.85
2013-08-15,504.5,491.5,498
2013-08-14,504.3,491.5,497.9
2013-08-13,503.2,490.7,496.95
2013-08-12,500.2,488.8,494.5
2013-08-09,497.9,485.1,491.5
2013-08-08,493.1,481.6,487.35
2013-08-07,494.3,481.1,487.7
2013-08-06,488.3,475.6,481.95
2013-08-05,485.2,475.2,480.2
2013-08-02,490,480.1,485.05
2013-08-01,488.3,479,483.65
2013-07-31,490.7,481,485.85
2013-07-30,489.2,480,484.6
2013-07-29,489.1,479.5,484.3
2013-07-26,479.8,470.8,475.3
2013-07-25,477.1,469.1,473.1
2013-07-24,474.6,465.7,470.15
2013-07-23,475,467.7,471.35
2013-07-22,472,467.3,469.65
2013-07-19,467.8,464.4,466.1
2013-07-18,463.9,460.7,462.3
2013-07-17,459.7,457.8,458.75
2013-07-16,483,460.6,471.8
2013-07-15,480.3,463.7,472
2013-07-12,480,461.2,470.6
2013-07-11,478.8,461.9,470.35
2013-07-10,484.3,470.3,477.3
2013-07-09,495.2,475.1,485.15
2013-07-08,496,474.7,485.35
2013-07-05,496.1,472.8,484.45
2013-07-04,496.3,475.1,485.7
2013-07-03,497.4,476.4,486.9
2013-07-02,495.6,477.5,486.55
2013-07-01,499.8,481.2,490.5
2013-06-28,502.3,484.7,493.5
2013-06-27,507.8,486.5,497.15
2013-06-26,517.8,492.6,505.2
2013-06-25,517.5,491.1,504.3
2013-06-24,510.9,485.1,498
2013-06-21,496.5,477.1,486.8
2013-06-20,488.1,470.5,479.3
2013-06-19,495.8,481.8,488.8
2013-06-18,489.4,476.9,483.15
2013-06-17,492,480.8,486.4
2013-06-14,484.4,474.9,479.65
2013-06-13,473.3,463.5,468.4
2013-06-12,475.1,464.7,469.9
2013-06-11,476.4,467.2,471.8
2013-06-10,479.2,469.2,474.2
2013-06-07,481.4,471.3,476.35
2013-06-06,482.5,469.8,476.15
2013-06-05,477.8,467.3,472.55
2013-06-04,476.9,468.5,472.7
2013-06-03,476.1,467.4,471.75
2013-05-31,477.3,469.9,473.6
2013-05-30,478,470,474
2013-05-29,475.4,469.4,472.4
2013-05-28,476.6,471.6,474.1
2013-05-24,476.4,472.8,474.6
2013-05-23,474.9,471.7,473.3
2013-05-22,472.9,470.4,471.65
2013-05-21,476.3,474.9,475.6
2013-05-20,474.4,473.7,474.05
2013-05-17,477.5,477.7,477.6
2013-05-16,476.2,476.9,476.55
2013-05-15,477.6,479.2,478.4
2013-05-14,478,481,479.5
2013-05-13,485.1,487.6,486.35
2013-05-10,489.2,491.2,490.2
2013-05-09,486.2,489.6,487.9
2013-05-08,487.2,489.2,488.2
2013-05-07,494,493,493.5
2013-05-03,496.8,494,495.4
2013-05-02,501.2,497.2,499.2
2013-05-01,500.1,493.9,497
2013-04-30,505.1,498.5,501.8
2013-04-29,501.7,495.2,498.45
2013-04-26,500.5,493.3,496.9
2013-04-25,498.6,490.8,494.7
2013-04-24,499.5,491.5,495.5
2013-04-23,504.2,496.5,500.35
2013-04-22,504,496.6,500.3
2013-04-19,508.8,499.7,504.25
2013-04-18,502.7,495.2,498.95
2013-04-17,506.9,499.3,503.1
2013-04-16,505.6,499.1,502.35
2013-04-15,519.7,497.3,508.5
2013-04-12,522.2,501.9,512.05
2013-04-11,517.5,497.6,507.55
2013-04-10,509.9,494.7,502.3
2013-04-09,506.4,491.4,498.9
2013-04-08,509.3,492.2,500.75
2013-04-05,504.5,489.9,497.2
2013-04-04,504.4,489.9,497.15
2013-04-03,504.9,492,498.45
2013-04-02,502.4,495.5,498.95
2013-03-28,503.3,494.2,498.75
2013-03-27,508.4,497.4,502.9
2013-03-26,513.8,499,506.4
2013-03-25,520.7,504.8,512.75
2013-03-22,527.1,509.5,518.3
2013-03-21,528.4,510.9,519.65
2013-03-20,530.6,514.8,522.7
2013-03-19,529.8,513.6,521.7
2013-03-18,527.4,512.4,519.9
2013-03-15,539.4,522.4,530.9
2013-03-14,537.2,521.3,529.25
2013-03-13,533.9,519.4,526.65
2013-03-12,534.8,520.8,527.8
2013-03-11,535.2,520.3,527.75
2013-03-08,534.1,517.6,525.85
2013-03-07,532.6,516.2,524.4
2013-03-06,518.2,505.4,511.8
2013-03-05,516.7,506.8,511.75
2013-03-04,515.6,504.9,510.25
2013-03-01,513.9,502.5,508.2
2013-02-28,519.7,510.8,515.25
2013-02-27,513.4,505.4,509.4
2013-02-26,508.8,503.9,506.35
2013-02-25,505.5,502,503.75
2013-02-22,505.5,503.1,504.3
2013-02-21,498,496.9,497.45
2013-02-20,501.2,499.3,500.25
2013-02-19,495.6,494.7,495.15
2013-02-18,497.9,496.4,497.15
2013-02-15,490.3,491.2,490.75
2013-02-14,490.4,492.5,491.45
2013-02-13,498,495.5,496.75
2013-02-12,484.1,493.1,488.6
2013-02-11,488.5,500,494.25
2013-02-08,485.4,496,490.7
2013-02-07,490.4,496.9,493.65
2013-02-06,492.7,496.6,494.65
2013-02-05,496.8,506.3,501.55
2013-02-04,498.5,507.6,503.05
2013-02-01,502.5,511.6,507.05
2013-01-31,499.4,509.2,504.3
2013-01-30,496.8,506.7,501.75
2013-01-29,487.8,499.4,493.6
2013-01-28,494.4,505.8,500.1
2013-01-25,486.7,499.7,493.2
2013-01-24,487.3,500.5,493.9
2013-01-23,489.6,502.1,495.85
2013-01-22,483.2,495.1,489.15
2013-01-21,489.8,500,494.9
2013-01-18,492,502.1,497.05
2013-01-17,497.5,505,501.25
2013-01-16,499.6,507.6,503.6
2013-01-15,502,510.5,506.25
2013-01-14,507.7,515.6,511.65
2013-01-11,514.8,521.5,518.15
2013-01-10,512.5,519.7,516.1
2013-01-09,507,513.8,510.4
2013-01-08,505.8,513,509.4
2013-01-07,510.8,517.4,514.1
2013-01-04,510.4,515.6,513
2013-01-03,514.6,519.9,517.25
2013-01-02,528.4,532.5,530.45
2012-12-31,523.7,527.8,525.75
2012-12-28,522,526.7,524.35
2012-12-27,522.4,526.9,524.65
2012-12-24,516.5,521.2,518.85
2012-12-21,518.3,523,520.65
2012-12-20,516.2,521.3,518.75
2012-12-19,517.8,522.6,520.2
2012-12-18,520.9,526,523.45
2012-12-17,520.8,526.3,523.55
2012-12-14,508.7,515.3,512
2012-12-13,499.8,506.3,503.05
2012-12-12,500.2,507.1,503.65
2012-12-11,508.2,514.3,511.25
2012-12-10,506,512.1,509.05
2012-12-07,515.5,522.2,518.85
2012-12-06,518.5,525.1,521.8
2012-12-05,520.5,527.4,523.95
2012-12-04,518.1,524.5,521.3
2012-12-03,523.4,530.9,527.15
2012-11-30,516.1,524.1,520.1
2012-11-29,513.3,521.4,517.35
2012-11-28,509.6,517.7,513.65
2012-11-27,510.7,518.7,514.7
2012-11-26,509.4,517.6,513.5
2012-11-23,510.6,518.6,514.6
2012-11-22,522.4,529,525.7
2012-11-21,518,525,521.5
2012-11-20,523.9,531.3,527.6
2012-11-19,526.3,532.5,529.4
2012-11-16,509.3,515.5,512.4
2012-11-15,533.2,506.7,519.95
2012-11-14,530.9,513.4,522.15
2012-11-13,537,516.2,526.6
2012-11-12,536.7,515.3,526
2012-11-09,529.5,508.8,519.15
2012-11-08,525.9,506.6,516.25
2012-11-07,531,512.1,521.55
2012-11-06,541.4,523.9,532.65
2012-11-05,537.6,518.7,528.15
2012-11-02,537.1,521.2,529.15
2012-11-01,538.6,520.1,529.35
2012-10-31,541.8,522.3,532.05
2012-10-30,544.7,526,535.35
2012-10-29,543.8,523.3,533.55
2012-10-26,545.2,524.6,534.9
2012-10-25,543.8,527.5,535.65
2012-10-24,545.7,530.9,538.3
2012-10-23,542,529.5,535.75
2012-10-22,550.1,537.5,543.8
2012-10-19,547.9,540.3,544.1
2012-10-18,541,532.8,536.9
2012-10-17,555.3,545.1,550.2
2012-10-16,557.9,546.4,552.15
2012-10-15,554.3,542.8,548.55
2012-10-12,557.8,546.8,552.3
2012-10-11,568.4,554.4,561.4
2012-10-10,590.4,573.2,581.8
2012-10-09,598.3,581.1,589.7
2012-10-08,595,582.1,588.55
2012-10-05,597.3,586.4,591.85
2012-10-04,598,586.1,592.05
2012-10-03,591.1,581.8,586.45
2012-10-02,592.6,582.2,587.4
2012-10-01,582.1,572.7,577.4
2012-09-28,574.5,562.7,568.6
2012-09-27,573.2,561.8,567.5
2012-09-26,570.3,560.9,565.6
2012-09-25,576.1,567.7,571.9
2012-09-24,567.8,559.4,563.6
2012-09-21,560.9,553.8,557.35
2012-09-20,557,549.8,553.4
2012-09-19,552,544.9,548.45
2012-09-18,563.3,554.8,559.05
2012-09-17,575.7,567.4,571.55
2012-09-14,576.5,573.6,575.05
2012-09-13,569.2,562.9,566.05
2012-09-12,557.9,561.1,559.5
2012-09-11,556.5,557,556.75
2012-09-10,558.4,557.4,557.9
2012-09-07,556.3,555.1,555.7
2012-09-06,545.9,545.5,545.7
2012-09-05,552.2,551,551.6
2012-09-04,557.4,555.3,556.35
2012-09-03,563.3,559.3,561.3
2012-08-31,566.4,562.1,564.25
2012-08-30,559.1,552.4,555.75
2012-08-29,556.8,549.3,553.05
2012-08-28,559.9,555,557.45
2012-08-24,549.4,547.1,548.25
2012-08-23,547.1,545.6,546.35
2012-08-22,551.3,550.5,550.9
2012-08-21,547.9,548.2,548.05
2012-08-20,566.2,562.1,564.15
2012-08-17,559.5,555.1,557.3
2012-08-16,559.5,554.6,557.05
2012-08-15,565.3,557.2,561.25
2012-08-14,572.3,557.2,564.75
2012-08-13,574,557,565.5
2012-08-10,578.5,562,570.25
2012-08-09,581.5,564.2,572.85
2012-08-08,589.2,571.5,580.35
2012-08-07,598.2,579.8,589
2012-08-06,607.7,585.3,596.5
2012-08-03,609.6,588.8,599.2
2012-08-02,610.5,589.9,600.2
2012-08-01,621.5,599.6,610.55
2012-07-31,616.8,598.3,607.55
2012-07-30,620.2,600.6,610.4
2012-07-27,614.2,596.7,605.45
2012-07-26,615.5,598.3,606.9
2012-07-25,638,617.9,627.95
2012-07-24,638.2,616.8,627.5
2012-07-23,645.6,621.1,633.35
2012-07-20,650.5,624.2,637.35
2012-07-19,636.3,613,624.65
2012-07-18,624.7,605.4,615.05
2012-07-17,617.9,600.4,609.15
2012-07-16,653.3,616.1,634.7
2012-07-13,657.9,613.7,635.8
2012-07-12,650.8,608.4,629.6
2012-07-11,658.2,615.7,636.95
2012-07-10,650,608.3,629.15
2012-07-09,646.1,609.5,627.8
2012-07-06,640.1,601.5,620.8
2012-07-05,633,594,613.5
2012-07-04,639.8,600,619.9
2012-07-03,632.7,592.1,612.4
2012-07-02,619.4,578.9,599.15
2012-06-29,611.3,571.3,591.3
2012-06-28,599.2,562,580.6
2012-06-27,607.7,569.1,588.4
2012-06-26,590.8,556.4,573.6
2012-06-25,587.5,550.2,568.85
2012-06-22,585.8,547.3,566.55
2012-06-21,607.1,569.1,588.1
2012-06-20,614.6,575.2,594.9
2012-06-19,611.2,572.3,591.75
2012-06-18,595.3,554.3,574.8
2012-06-15,585.6,552.5,569.05
2012-06-14,566.7,540,553.35
2012-06-13,568.4,542.7,555.55
2012-06-12,580.3,549.6,564.95
2012-06-11,587.5,555,571.25
2012-06-08,577.5,548.2,562.85
2012-06-07,570.9,540.9,555.9
2012-06-06,569.5,542.7,556.1
2012-06-05,553.5,529.6,541.55
2012-06-01,553.5,529.6,541.55
2012-05-31,558.6,535,546.8
2012-05-30,556.6,535.5,546.05
2012-05-29,556.5,537.2,546.85
2012-05-28,561.2,542.3,551.75
2012-05-25,557.7,538.6,548.15
2012-05-24,556.5,538.6,547.55
2012-05-23,550.7,536.7,543.7
2012-05-22,555.2,540.7,547.95
2012-05-21,568.7,551.6,560.15
2012-05-18,570.3,553.2,561.75
2012-05-17,577.5,559.2,568.35
2012-05-16,576.7,558.8,567.75
2012-05-15,565.3,552.4,558.85
2012-05-14,557.1,549.3,553.2
2012-05-11,555.8,549,552.4
2012-05-10,557.8,552.1,554.95
2012-05-09,556.9,551.2,554.05
2012-05-08,558.4,552.8,555.6
2012-05-04,566.1,560.3,563.2
2012-05-03,559.8,555.7,557.75
2012-05-02,560.9,555.9,558.4
2012-05-01,570.8,564.8,567.8
2012-04-30,574.6,567.4,571
2012-04-27,576.8,570.8,573.8
2012-04-26,576.8,571.5,574.15
2012-04-25,586.8,580.8,583.8
2012-04-24,582.6,578.3,580.45
2012-04-23,576.4,576.5,576.45
2012-04-20,574.9,576.6,575.75
2012-04-19,582.6,583.4,583
2012-04-18,586.9,586.3,586.6
2012-04-17,597,595.9,596.45
2012-04-16,595.4,592.9,594.15
2012-04-13,624.4,610.7,617.55
2012-04-12,632.2,624,628.1
2012-04-11,628.8,618.8,623.8
2012-04-10,630.1,621,625.55
2012-04-05,643.9,632.9,638.4
2012-04-04,638.5,628.7,633.6
2012-04-03,634.6,625,629.8
2012-04-02,643.1,631.4,637.25
2012-03-30,643.6,631.5,637.55
2012-03-29,634.1,623,628.55
2012-03-28,632.3,621.3,626.8
2012-03-27,637.7,625,631.35
2012-03-26,648.8,633.5,641.15
2012-03-23,659.7,642.8,651.25
2012-03-22,663,646.2,654.6
2012-03-21,655.4,638.3,646.85
2012-03-20,665.7,647,656.35
2012-03-19,668,645.7,656.85
2012-03-16,666.6,641.6,654.1
2012-03-15,670,643,656.5
2012-03-14,648.9,624.4,636.65
2012-03-13,641.3,618.6,629.95
2012-03-12,631.7,609.9,620.8
2012-03-09,625.5,608.1,616.8
2012-03-08,633.6,616.7,625.15
2012-03-07,630.4,615.5,622.95
2012-03-06,631.4,617.8,624.6
2012-03-05,647.5,631.7,639.6
2012-03-02,653.1,636.9,645
2012-03-01,646,629.9,637.95
2012-02-29,652.4,635.8,644.1
2012-02-28,662.5,643,652.75
2012-02-27,671.1,648,659.55
2012-02-24,661.4,637.5,649.45
2012-02-23,652.2,628.6,640.4
2012-02-22,649.3,627.6,638.45
2012-02-21,643.2,621,632.1
2012-02-20,634.6,613.6,624.1
2012-02-17,626.5,608.6,617.55
2012-02-16,627,609.8,618.4
2012-02-15,616.7,600.7,608.7
2012-02-14,640.4,622.8,631.6
2012-02-13,656.9,637.8,647.35
2012-02-10,650.7,630.5,640.6
2012-02-09,653.3,633.3,643.3
2012-02-08,647,632,639.5
2012-02-07,646.9,631.9,639.4
2012-02-06,642.5,627.6,635.05
2012-02-03,635.1,619.9,627.5
2012-02-02,629.8,612.3,621.05
2012-02-01,629.7,611.2,620.45
2012-01-31,630.2,611.2,620.7
2012-01-30,634.2,614.9,624.55
2012-01-27,637.7,620.5,629.1
2012-01-26,648.4,627.1,637.75
2012-01-25,645.5,624.1,634.8
2012-01-24,657.7,636.7,647.2
2012-01-23,651.2,630.8,641
2012-01-20,645.6,626,635.8
2012-01-19,641.6,621.4,631.5
2012-01-18,630.6,613.5,622.05
2012-01-17,628.7,610.6,619.65
2012-01-16,625.5,605.5,615.5
2012-01-13,622.1,603.1,612.6
2012-01-12,620.6,602.3,611.45
2012-01-11,618.2,598.2,608.2
2012-01-10,611.5,591.5,601.5
2012-01-09,605,589.6,597.3
2012-01-06,604,592,598
2012-01-05,603.5,591.6,597.55
2012-01-04,632.2,618,625.1
2012-01-03,629.7,615.6,622.65
2011-12-30,602,591.6,596.8
2011-12-29,604.6,593.8,599.2
2011-12-28,599.1,588.1,593.6
2011-12-23,611.2,601.6,606.4
2011-12-22,608.8,599.1,603.95
2011-12-21,603.7,595,599.35
2011-12-20,608.2,600.2,604.2
2011-12-19,599.4,592.5,595.95
2011-12-16,599.7,591,595.35
2011-12-15,596.3,588.2,592.25
2011-12-14,597.7,589.8,593.75
2011-12-13,608.6,601,604.8
2011-12-12,606.3,597.9,602.1
2011-12-09,605.2,597.2,601.2
2011-12-08,623.4,617,620.2
2011-12-07,603.6,597.2,600.4
2011-12-06,625.4,616.7,621.05
2011-12-05,624.4,615.9,620.15
2011-12-02,613.6,605.6,609.6
2011-12-01,617.2,609.7,613.45
2011-11-30,613.6,606.6,610.1
2011-11-29,604.2,596.7,600.45
2011-11-28,601.1,593.7,597.4
2011-11-25,598.2,590.9,594.55
2011-11-24,602.6,594.6,598.6
2011-11-23,605.4,596.2,600.8
2011-11-22,613.9,604.1,609
2011-11-21,624.7,613.8,619.25
2011-11-18,623,612.4,617.7
2011-11-17,629,618.1,623.55
2011-11-16,635.6,625.5,630.55
2011-11-15,669.7,640.9,655.3
2011-11-14,659.2,639.5,649.35
2011-11-11,652.1,639.6,645.85
2011-11-10,674.8,656,665.4
2011-11-09,677.5,652.9,665.2
2011-11-08,685.8,660.7,673.25
2011-11-07,675.2,650,662.6
2011-11-04,678.4,653.5,665.95
2011-11-03,681,654.5,667.75
2011-11-02,680.3,649.4,664.85
2011-11-01,680.4,649.1,664.75
2011-10-31,689.6,657.1,673.35
2011-10-28,702.1,673.6,687.85
2011-10-27,714.9,681.4,698.15
2011-10-26,722.5,674.5,698.5
2011-10-25,728.5,685.7,707.1
2011-10-24,725.9,683.1,704.5
2011-10-21,706.4,669.7,688.05
2011-10-20,683,664.7,673.85
2011-10-19,699,681.9,690.45
2011-10-18,713.7,697.7,705.7
2011-10-17,715,699.6,707.3
2011-10-14,711.3,696,703.65
2011-10-13,684.1,669.8,676.95
2011-10-12,669.5,655.7,662.6
2011-10-11,668.5,654.9,661.7
2011-10-10,680.1,665.3,672.7
2011-10-07,653.7,639.4,646.55
2011-10-06,641.7,626.3,634
2011-10-05,648.4,631.7,640.05
2011-10-04,644.9,627.6,636.25
2011-10-03,652.6,637.5,645.05
2011-09-30,663.3,648.2,655.75
2011-09-29,674.7,658.7,666.7
2011-09-28,643.8,629.9,636.85
2011-09-27,648.5,633.4,640.95
2011-09-26,634,624.4,629.2
2011-09-23,631.5,620.9,626.2
2011-09-22,640,628.4,634.2
2011-09-21,662.3,648.6,655.45
2011-09-20,678.4,666.4,672.4
2011-09-19,689.1,676.6,682.85
2011-09-16,687.2,674.6,680.9
2011-09-15,746.6,717.6,732.1
2011-09-14,743.7,705.6,724.65
2011-09-13,747,717.3,732.15
2011-09-12,773.7,723.6,748.65
2011-09-09,763,704.8,733.9
2011-09-08,763,708.5,735.75
2011-09-07,755.6,710.1,732.85
2011-09-06,751.3,708.6,729.95
2011-09-05,750.8,721.4,736.1
2011-09-02,753.8,726.5,740.15
2011-09-01,762.8,735.8,749.3
2011-08-31,770.8,738.8,754.8
2011-08-30,774,741.7,757.85
2011-08-26,780.6,741.6,761.1
2011-08-25,771.2,731.4,751.3
2011-08-24,784.6,739.4,762
2011-08-23,800.5,756.1,778.3
2011-08-22,798.5,752,775.25
2011-08-19,786.9,745.7,766.3
2011-08-18,765.8,725.4,745.6
2011-08-17,771.2,727.3,749.25
2011-08-16,748.3,704.3,726.3
2011-08-15,735.8,692.6,714.2
2011-08-12,743.5,699.7,721.6
2011-08-11,749.7,704.7,727.2
2011-08-10,723.8,679,701.4
2011-08-09,736.3,692.6,714.45
2011-08-08,710.5,671.5,691
2011-08-05,730.1,691.2,710.65
2011-08-04,719.8,681.8,700.8
2011-08-03,724.6,689,706.8
2011-08-02,752.3,714.3,733.3
2011-08-01,770,723.7,746.85
2011-07-29,777.4,730.5,753.95
2011-07-28,789,745,767
2011-07-27,803.5,760.5,782
2011-07-26,805.4,760.4,782.9
2011-07-25,797.4,747.4,772.4
2011-07-22,812.7,762.7,787.7
2011-07-21,781.3,737.7,759.5
2011-07-20,755.8,715.8,735.8
2011-07-19,750.3,711.1,730.7
2011-07-18,753.1,712.4,732.75
2011-07-15,846.4,756.3,801.35
2011-07-14,852,764.5,808.25
2011-07-13,876.3,790.3,833.3
2011-07-12,857,779.3,818.15
2011-07-11,817.9,746.8,782.35
2011-07-08,818.3,747.8,783.05
2011-07-07,814.8,745,779.9
2011-07-06,770.1,706.1,738.1
2011-07-05,771.3,715.4,743.35
2011-07-04,765,697.6,731.3
2011-07-01,769.6,701.7,735.65
2011-06-30,739,670.3,704.65
2011-06-29,766.7,693.8,730.25
2011-06-28,764.8,697,730.9
2011-06-27,726,663.7,694.85
2011-06-24,734.6,667.9,701.25
2011-06-23,733.3,663.5,698.4
2011-06-22,739.9,672.2,706.05
2011-06-21,743.6,673.6,708.6
2011-06-20,739.6,672.5,706.05
2011-06-17,727.6,668.6,698.1
2011-06-16,705.4,651.9,678.65
2011-06-15,706.5,648.9,677.7
2011-06-14,703,645.5,674.25
2011-06-13,723.5,658.7,691.1
2011-06-10,723.5,657,690.25
2011-06-09,712.1,648.6,680.35
2011-06-08,714.4,648.8,681.6
2011-06-07,694.2,635.3,664.75
2011-06-06,696.2,639,667.6
2011-06-03,693.4,636.6,665
2011-06-02,683.9,628.3,656.1
2011-06-01,664.6,615.3,639.95
2011-05-31,672,621.8,646.9
2011-05-30,658.3,613.4,635.85
2011-05-27,658.3,613.4,635.85
2011-05-26,650,602.1,626.05
2011-05-25,648,600,624
2011-05-24,623.1,582.5,602.8
2011-05-23,612.9,577.6,595.25
2011-05-20,625.3,586.5,605.9
2011-05-19,618.5,581.5,600
2011-05-18,633,592,612.5
2011-05-17,612.6,573.3,592.95
2011-05-16,607,572.1,589.55
2011-05-13,602.8,573.6,588.2
2011-05-12,602.1,573.6,587.85
2011-05-11,594.4,567.4,580.9
2011-05-10,612.6,586.7,599.65
2011-05-09,583.7,563.6,573.65
2011-05-06,582,563.9,572.95
2011-05-05,582.3,567,574.65
2011-05-04,592.7,580.7,586.7
2011-05-03,609.5,595.3,602.4
2011-04-28,615.1,601.5,608.3
2011-04-27,626.5,609.2,617.85
2011-04-26,633.1,613.1,623.1
2011-04-21,639.1,619.1,629.1
2011-04-20,638.7,615.7,627.2
2011-04-19,625,605.8,615.4
2011-04-18,622,603.2,612.6
2011-04-15,697.9,632.7,665.3
2011-04-14,697.2,638.4,667.8
2011-04-13,691.4,641.2,666.3
2011-04-12,698.3,649.1,673.7
2011-04-11,703.2,657,680.1
2011-04-08,699.7,651.6,675.65
2011-04-07,707.7,655.4,681.55
2011-04-06,705.8,653.4,679.6
2011-04-05,722.3,670.8,696.55
2011-04-04,716.2,667.3,691.75
2011-04-01,713.2,663.2,688.2
2011-03-31,711.7,658.5,685.1
2011-03-30,707.8,657.1,682.45
2011-03-29,702.5,663.7,683.1
2011-03-28,701.6,664.5,683.05
2011-03-25,711.8,676.6,694.2
2011-03-24,706.1,669.6,687.85
2011-03-23,687.9,653.6,670.75
2011-03-22,700.4,666,683.2
2011-03-21,706.3,669.6,687.95
2011-03-18,710.6,674.9,692.75
2011-03-17,686.2,653.6,669.9
2011-03-16,668.6,637.6,653.1
2011-03-15,667.1,635.1,651.1
2011-03-14,706.8,676.1,691.45
2011-03-11,720,688.9,704.45
2011-03-10,727.6,696.8,712.2
2011-03-09,751.1,719.6,735.35
2011-03-08,763.1,735,749.05
2011-03-07,748.8,722.4,735.6
2011-03-04,735.7,711.7,723.7
2011-03-03,757.5,731.4,744.45
2011-03-02,760.5,733.5,747
2011-03-01,733.4,707.4,720.4
2011-02-28,743.8,717.9,730.85
2011-02-25,726.4,703.4,714.9
2011-02-24,705,681.2,693.1
2011-02-23,702.6,678.7,690.65
2011-02-22,719,696,707.5
2011-02-21,724.5,701.5,713
2011-02-18,720.6,702.6,711.6
2011-02-17,726.8,700.6,713.7
2011-02-16,748.7,714.6,731.65
2011-02-15,725.3,692.6,708.95
2011-02-14,750.5,716.2,733.35
2011-02-11,773.8,756.2,765
2011-02-10,785.4,773,779.2
2011-02-09,761.5,749.1,755.3
2011-02-08,768.7,754.7,761.7
2011-02-07,799.5,778.8,789.15
2011-02-04,794.4,769.5,781.95
2011-02-03,814.2,791.8,803
2011-02-02,844.5,820.3,832.4
2011-02-01,819.2,795.4,807.3
2011-01-31,811.6,791.4,801.5
2011-01-28,814.4,792.4,803.4
2011-01-27,824.5,798.5,811.5
2011-01-26,799.1,776.4,787.75
2011-01-25,781.5,759,770.25
2011-01-24,796.2,769.6,782.9
2011-01-21,790.7,762.5,776.6
2011-01-20,768.3,739.6,753.95
2011-01-19,771.6,741.4,756.5
2011-01-18,780.2,746.8,763.5
2011-01-17,774.2,738.3,756.25
2011-01-14,773,739.9,756.45
2011-01-13,787.4,758.9,773.15
2011-01-12,781,752.5,766.75
2011-01-11,807.4,773.8,790.6
2011-01-10,775.5,745.2,760.35
2011-01-07,765.1,739,752.05
2011-01-06,748.2,720.8,734.5
2011-01-05,775.9,749.4,762.65
2011-01-04,760.8,732.2,746.5
2011-01-03,777.5,746.5,762
2010-12-31,777.5,746.5,762
2010-12-30,761.3,725.5,743.4
2010-12-29,826.4,789.5,807.95
2010-12-24,820.4,784.3,802.35
2010-12-23,820.9,785.1,803
2010-12-22,784.5,748.5,766.5
2010-12-21,810.3,775.6,792.95
2010-12-20,798.1,763.3,780.7
2010-12-17,790.7,752.7,771.7
2010-12-16,767.3,730,748.65
2010-12-15,767.9,730.5,749.2
2010-12-14,769.4,730.3,749.85
2010-12-13,755.2,714.4,734.8
2010-12-10,722.5,680.7,701.6
2010-12-09,727.2,686.2,706.7
2010-12-08,732.4,689,710.7
2010-12-07,732.3,689.8,711.05
2010-12-06,743.8,701.3,722.55
2010-12-03,740,697.3,718.65
2010-12-02,727.9,688.7,708.3
2010-12-01,725.3,685.3,705.3
2010-11-30,710,672.9,691.45
2010-11-29,727.8,692.8,710.3
2010-11-26,718.4,684.8,701.6
2010-11-25,717.3,682.9,700.1
2010-11-24,709.7,676.1,692.9
2010-11-23,681,649.5,665.25
2010-11-22,673.7,645.9,659.8
2010-11-19,679.1,651,665.05
2010-11-18,708.7,678.1,693.4
2010-11-17,670.5,643.8,657.15
2010-11-16,666.7,640.9,653.8
2010-11-15,738,677.1,707.55
2010-11-12,709.1,677.1,693.1
2010-11-11,797.3,768.6,782.95
2010-11-10,789.8,790.7,790.25
2010-11-09,805,802.7,803.85
2010-11-08,780.7,778.3,779.5
2010-11-05,776.1,778.6,777.35
2010-11-04,772.7,776.5,774.6
2010-11-03,747.9,748.8,748.35
2010-11-02,745.5,747,746.25
2010-11-01,734,735,734.5
2010-10-29,722.6,724,723.3
2010-10-28,730.3,729.3,729.8
2010-10-27,711.5,713,712.25
2010-10-26,708.3,709.3,708.8
2010-10-25,717.2,714.6,715.9
2010-10-22,706.9,702.3,704.6
2010-10-21,723.9,718.2,721.05
2010-10-20,730.6,717.4,724
2010-10-19,718.2,705,711.6
2010-10-18,695.3,682.4,688.85
2010-10-15,696.2,682.6,689.4
2010-10-14,711.7,697.2,704.45
2010-10-13,701.1,687.8,694.45
2010-10-12,697.7,682.8,690.25
2010-10-11,676.3,659.5,667.9
2010-10-08,677.6,660.1,668.85
2010-10-07,649.8,633.8,641.8
2010-10-06,625.6,610,617.8
2010-10-05,623.6,607.3,615.45
2010-10-04,606,592.2,599.1
2010-10-01,620.1,605.6,612.85
2010-09-30,617,601.8,609.4
2010-09-29,635,629.3,632.15
2010-09-28,645,637.4,641.2
2010-09-27,644.1,633,638.55
2010-09-24,633.1,617.1,625.1
2010-09-23,618.4,602.6,610.5
2010-09-22,607,594.2,600.6
2010-09-21,598.8,588.4,593.6
2010-09-20,607.8,597.5,602.65
2010-09-17,608.3,597.1,602.7
2010-09-16,608.2,599.1,603.65
2010-09-15,609.7,593.2,601.45
2010-09-14,636.8,614.8,625.8
2010-09-13,616,595.4,605.7
2010-09-10,635.2,585.9,610.55
2010-09-09,617.7,569.3,593.5
2010-09-08,608.8,559.1,583.95
2010-09-07,605.8,558.6,582.2
2010-09-06,595.2,548.9,572.05
2010-09-03,592.3,546,569.15
2010-09-02,592.2,542.2,567.2
2010-09-01,580.9,533.5,557.2
2010-08-31,578.7,529.3,554
2010-08-30,577.3,523.8,550.55
2010-08-27,577.3,523.8,550.55
2010-08-26,569.9,514.4,542.15
2010-08-25,586.9,530.9,558.9
2010-08-24,569.9,517.3,543.6
2010-08-23,577.8,522.5,550.15
2010-08-20,575.4,522.1,548.75
2010-08-19,558.5,510.1,534.3
2010-08-18,558,512.2,535.1
2010-08-17,551.4,509.4,530.4
2010-08-16,551.2,506.8,529
2010-08-13,549.9,507.9,528.9
2010-08-12,549.6,507.1,528.35
2010-08-11,532.6,494.5,513.55
2010-08-10,534.7,497.6,516.15
2010-08-09,524.1,485.6,504.85
2010-08-06,539.8,497.3,518.55
2010-08-05,545.2,499.5,522.35
2010-08-04,555,511,533
2010-08-03,545.1,503.1,524.1
2010-08-02,571.5,528.5,550
2010-07-30,585.7,534.7,560.2
2010-07-29,577.3,527.8,552.55
2010-07-28,570.5,526.5,548.5
2010-07-27,566.6,519.1,542.85
2010-07-26,566.1,517.8,541.95
2010-07-23,559.2,511.1,535.15
2010-07-22,559.7,512.1,535.9
2010-07-21,542.2,503.5,522.85
2010-07-20,538.3,499.8,519.05
2010-07-19,534,498.7,516.35
2010-07-16,582.7,520,551.35
2010-07-15,574,528.5,551.25
2010-07-14,578.2,519.2,548.7
2010-07-13,596.7,520.5,558.6
2010-07-12,610.8,518.6,564.7
2010-07-09,606.5,515.4,560.95
2010-07-08,605.8,523,564.4
2010-07-07,589.9,511.9,550.9
2010-07-06,573.3,502.3,537.8
2010-07-05,571.5,502.4,536.95
2010-07-02,560.8,491.8,526.3
2010-07-01,532.4,468.6,500.5
2010-06-30,528.8,469.3,499.05
2010-06-29,517,457.8,487.4
2010-06-28,538.5,479.4,508.95
2010-06-25,544.1,484.5,514.3
2010-06-24,527.6,468.1,497.85
2010-06-23,522.6,464.9,493.75
2010-06-22,524,467.4,495.7
2010-06-21,525.9,467.8,496.85
2010-06-18,510.4,454.4,482.4
2010-06-17,520.3,463.4,491.85
2010-06-16,532.5,475.8,504.15
2010-06-15,528,471.2,499.6
2010-06-14,526.5,469.8,498.15
2010-06-11,524,468.2,496.1
2010-06-10,508.6,457,482.8
2010-06-09,500.9,451.5,476.2
2010-06-08,487.2,442.1,464.65
2010-06-07,470,429.5,449.75
2010-06-04,468.2,428.8,448.5
2010-06-03,459.1,420.8,439.95
2010-06-02,456.8,417.5,437.15
2010-06-01,471.9,431.9,451.9
2010-05-31,468.6,429.1,448.85
2010-05-28,468.6,429.1,448.85
2010-05-27,479.4,442.7,461.05
2010-05-26,492.6,451.6,472.1
2010-05-25,500.2,457.8,479
2010-05-24,499.8,454.3,477.05
2010-05-21,503.7,460.7,482.2
2010-05-20,489.7,447,468.35
2010-05-19,487.2,444.1,465.65
2010-05-18,481.1,438,459.55
2010-05-17,468.5,426.2,447.35
2010-05-14,466,428.5,447.25
2010-05-13,474.5,441.3,457.9
2010-05-12,471,439.4,455.2
2010-05-11,451.2,421.4,436.3
2010-05-10,448,421,434.5
2010-05-07,437.8,410.8,424.3
2010-05-06,442.5,416.6,429.55
2010-05-05,450.8,426.2,438.5
2010-05-04,453.2,427.2,440.2
