fecha,azucar_precio_nueva_york_contrato1,azucar_precio_nueva_york_contrato2,azucar_precio_nueva_york_promedio
2020-06-16,12.19,12.28,12.24
2020-06-15,12.04,12.13,12.09
2020-06-12,11.87,12.04,11.96
2020-06-11,11.94,12.1,12.02
2020-06-10,12.23,12.38,12.31
2020-06-09,12,12.16,12.08
2020-06-08,11.94,12.03,11.99
2020-06-05,12.02,12.09,12.06
2020-06-04,11.73,11.8,11.77
2020-06-03,11.62,11.7,11.66
2020-06-02,11.22,11.3,11.26
2020-06-01,11,11.08,11.04
2020-05-29,10.91,10.97,10.94
2020-05-28,10.8,10.91,10.86
2020-05-27,10.8,10.94,10.87
2020-05-26,11.05,11.1,11.08
2020-05-22,10.93,10.93,10.93
2020-05-21,10.98,11,10.99
2020-05-20,11.19,11.16,11.18
2020-05-19,10.85,10.9,10.88
2020-05-18,10.8,10.9,10.85
2020-05-15,10.38,10.5,10.44
2020-05-14,10.46,10.56,10.51
2020-05-13,10.26,10.44,10.35
2020-05-12,10.25,10.45,10.35
2020-05-11,10.12,10.34,10.23
2020-05-08,10.29,10.5,10.40
2020-05-07,10.33,10.56,10.45
2020-05-06,10.27,10.53,10.40
2020-05-05,10.78,11.02,10.90
2020-05-04,10.4,10.65,10.53
2020-05-01,10.97,11.2,11.09
2020-04-30,10.39,10.37,10.38
2020-04-29,9.76,9.92,9.84
2020-04-28,9.34,9.52,9.43
2020-04-27,9.21,9.38,9.30
2020-04-24,9.73,9.81,9.77
2020-04-23,9.84,10.01,9.93
2020-04-22,9.83,10.01,9.92
2020-04-21,9.75,10.01,9.88
2020-04-20,10.06,10.26,10.16
2020-04-17,10.37,10.53,10.45
2020-04-16,10.16,10.33,10.25
2020-04-15,10.16,10.28,10.22
2020-04-14,10.05,10.25,10.15
2020-04-13,10.17,10.29,10.23
2020-04-09,10.43,10.49,10.46
2020-04-08,10.37,10.39,10.38
2020-04-07,10.38,10.38,10.38
2020-04-06,10.45,10.42,10.44
2020-04-03,10.31,10.33,10.32
2020-04-02,10.29,10.32,10.31
2020-04-01,10.04,10.08,10.06
2020-03-31,10.42,10.5,10.46
2020-03-30,10.73,10.77,10.75
2020-03-27,11.1,11.05,11.08
2020-03-26,11.33,11.22,11.28
2020-03-25,11.41,11.27,11.34
2020-03-24,11.27,11.11,11.19
2020-03-23,11.04,10.9,10.97
2020-03-20,10.91,10.83,10.87
2020-03-19,10.59,10.54,10.57
2020-03-18,10.67,10.63,10.65
2020-03-17,10.89,10.86,10.88
2020-03-16,11.09,11.06,11.08
2020-03-13,11.7,11.64,11.67
2020-03-12,11.62,11.63,11.63
2020-03-11,12.26,12.25,12.26
2020-03-10,12.59,12.53,12.56
2020-03-09,12.61,12.58,12.60
2020-03-06,13.02,13.02,13.02
2020-03-05,13.42,13.39,13.41
2020-03-04,13.47,13.47,13.47
2020-03-03,13.76,13.74,13.75
2020-03-02,13.81,13.81,13.81
2020-02-28,14.46,14.14,14.30
2020-02-27,14.39,14.2,14.30
2020-02-26,14.79,14.54,14.67
2020-02-25,15.15,14.74,14.95
2020-02-24,15.27,14.73,15.00
2020-02-21,15.59,15.12,15.36
2020-02-20,15.4,14.94,15.17
2020-02-19,15.58,15.08,15.33
2020-02-18,15.28,14.87,15.08
2020-02-14,15.06,14.55,14.81
2020-02-13,15.16,14.78,14.97
2020-02-12,15.78,15.06,15.42
2020-02-11,15.41,15.04,15.23
2020-02-10,15.04,14.74,14.89
2020-02-07,14.92,14.69,14.81
2020-02-06,14.74,14.54,14.64
2020-02-05,14.73,14.51,14.62
2020-02-04,14.71,14.49,14.60
2020-02-03,14.89,14.6,14.75
2020-01-31,14.61,14.35,14.48
2020-01-30,14.59,14.31,14.45
2020-01-29,14.49,14.32,14.41
2020-01-28,14.54,14.4,14.47
2020-01-27,14.21,14.13,14.17
2020-01-24,14.39,14.32,14.36
2020-01-23,14.57,14.47,14.52
2020-01-22,14.66,14.57,14.62
2020-01-21,14.55,14.49,14.52
2020-01-17,14.45,14.4,14.43
2020-01-16,14.43,14.38,14.41
2020-01-15,14.52,14.48,14.50
2020-01-14,14.32,14.31,14.32
2020-01-13,14.16,14.15,14.16
2020-01-10,14.07,14.07,14.07
2020-01-09,13.71,13.76,13.74
2020-01-08,13.47,13.56,13.52
2020-01-07,13.59,13.67,13.63
2020-01-06,13.73,13.79,13.76
2020-01-03,13.31,13.39,13.35
2020-01-02,13.13,13.24,13.19
2019-12-31,13.42,13.54,13.48
2019-12-30,13.53,13.64,13.59
2019-12-27,13.54,13.63,13.59
2019-12-26,13.44,13.54,13.49
2019-12-24,13.37,13.47,13.42
2019-12-23,13.45,13.54,13.50
2019-12-20,13.54,13.63,13.59
2019-12-19,13.55,13.63,13.59
2019-12-18,13.43,13.51,13.47
2019-12-17,13.27,13.35,13.31
2019-12-16,13.29,13.38,13.34
2019-12-13,13.5,13.56,13.53
2019-12-12,13.52,13.58,13.55
2019-12-11,13.42,13.5,13.46
2019-12-10,13.46,13.51,13.49
2019-12-09,13.38,13.43,13.41
2019-12-06,13.18,13.23,13.21
2019-12-05,13.08,13.14,13.11
2019-12-04,13.06,13.1,13.08
2019-12-03,12.86,12.92,12.89
2019-12-02,12.75,12.82,12.79
2019-11-29,12.94,12.98,12.96
2019-11-27,12.79,12.86,12.83
2019-11-26,12.78,12.86,12.82
2019-11-25,12.82,12.91,12.87
2019-11-22,12.83,12.92,12.88
2019-11-21,12.61,12.73,12.67
2019-11-20,12.75,12.87,12.81
2019-11-19,12.69,12.82,12.76
2019-11-18,12.76,12.88,12.82
2019-11-15,12.73,12.85,12.79
2019-11-14,12.81,12.92,12.87
2019-11-13,12.85,12.93,12.89
2019-11-12,12.59,12.7,12.65
2019-11-11,12.57,12.68,12.63
2019-11-08,12.57,12.66,12.62
2019-11-07,12.39,12.53,12.46
2019-11-06,12.56,12.68,12.62
2019-11-05,12.71,12.82,12.77
2019-11-04,12.51,12.64,12.58
2019-11-01,12.48,12.6,12.54
2019-10-31,12.48,12.58,12.53
2019-10-30,12.41,12.51,12.46
2019-10-29,12.34,12.46,12.40
2019-10-28,12.54,12.63,12.59
2019-10-25,12.35,12.42,12.39
2019-10-24,12.3,12.38,12.34
2019-10-23,12.15,12.24,12.20
2019-10-22,12.18,12.29,12.24
2019-10-21,12.27,12.36,12.32
2019-10-18,12.32,12.41,12.37
2019-10-17,12.24,12.34,12.29
2019-10-16,12.35,12.44,12.40
2019-10-15,12.59,12.69,12.64
2019-10-14,12.52,12.61,12.57
2019-10-11,12.41,12.51,12.46
2019-10-10,12.41,12.51,12.46
2019-10-09,12.41,12.52,12.47
2019-10-08,12.46,12.58,12.52
2019-10-07,12.52,12.64,12.58
2019-10-04,12.76,12.89,12.83
2019-10-03,12.74,12.87,12.81
2019-10-02,12.89,13,12.95
2019-10-01,12.88,12.98,12.93
2019-09-30,11.92,12.65,12.29
2019-09-27,11.53,12.62,12.08
2019-09-26,11.63,12.62,12.13
2019-09-25,11.8,12.66,12.23
2019-09-24,11.5,12.41,11.96
2019-09-23,11.22,12.21,11.72
2019-09-20,11.09,12.07,11.58
2019-09-19,10.99,12,11.50
2019-09-18,11,12.07,11.54
2019-09-17,10.94,12.1,11.52
2019-09-16,11.09,12.26,11.68
2019-09-13,10.89,11.94,11.42
2019-09-12,10.76,11.84,11.30
2019-09-11,10.81,11.85,11.33
2019-09-10,10.88,11.89,11.39
2019-09-09,10.92,11.9,11.41
2019-09-06,11.02,11.97,11.50
2019-09-05,10.97,11.97,11.47
2019-09-04,11.01,12.04,11.53
2019-09-03,11.19,12.17,11.68
2019-08-30,11.14,12.23,11.69
2019-08-29,11.21,12.31,11.76
2019-08-28,11.37,12.48,11.93
2019-08-27,11.24,12.35,11.80
2019-08-26,11.43,12.48,11.96
2019-08-23,11.47,12.52,12.00
2019-08-22,11.58,12.65,12.12
2019-08-21,11.39,12.48,11.94
2019-08-20,11.44,12.52,11.98
2019-08-19,11.47,12.54,12.01
2019-08-16,11.64,12.69,12.17
2019-08-15,11.63,12.68,12.16
2019-08-14,11.61,12.64,12.13
2019-08-13,11.72,12.77,12.25
2019-08-12,11.56,12.67,12.12
2019-08-09,11.86,12.95,12.41
2019-08-08,11.43,12.56,12.00
2019-08-07,11.34,12.48,11.91
2019-08-06,11.73,12.77,12.25
2019-08-05,11.82,12.86,12.34
2019-08-02,12.02,13.03,12.53
2019-08-01,12.12,13.14,12.63
2019-07-31,12.21,13.2,12.71
2019-07-30,12.15,13.12,12.64
2019-07-29,12.07,13.05,12.56
2019-07-26,12.02,13.02,12.52
2019-07-25,12,12.98,12.49
2019-07-24,12.06,13.03,12.55
2019-07-23,11.98,12.96,12.47
2019-07-22,11.56,12.58,12.07
2019-07-19,11.59,12.62,12.11
2019-07-18,11.55,12.62,12.09
2019-07-17,11.79,12.85,12.32
2019-07-16,11.99,13.03,12.51
2019-07-15,12.06,13.12,12.59
2019-07-12,12.3,13.3,12.80
2019-07-11,12.38,13.38,12.88
2019-07-10,12.5,13.47,12.99
2019-07-09,12.35,13.34,12.85
2019-07-08,12.45,13.41,12.93
2019-07-05,12.36,13.3,12.83
2019-07-03,12.54,13.42,12.98
2019-07-02,12.35,13.27,12.81
2019-07-01,12.57,13.47,13.02
2019-06-28,12.32,12.62,12.47
2019-06-27,12.53,12.78,12.66
2019-06-26,12.03,12.32,12.18
2019-06-25,12.33,12.57,12.45
2019-06-24,12.27,12.47,12.37
2019-06-21,12.22,12.48,12.35
2019-06-20,12.43,12.68,12.56
2019-06-19,12.5,12.74,12.62
2019-06-18,12.61,12.83,12.72
2019-06-17,12.66,12.84,12.75
2019-06-14,12.75,12.92,12.84
2019-06-13,12.75,12.91,12.83
2019-06-12,12.62,12.86,12.74
2019-06-11,12.54,12.83,12.69
2019-06-10,12.4,12.7,12.55
2019-06-07,12.5,12.78,12.64
2019-06-06,12.51,12.72,12.62
2019-06-05,12.21,12.49,12.35
2019-06-04,12.42,12.64,12.53
2019-06-03,12.19,12.5,12.35
2019-05-31,12.1,12.43,12.27
2019-05-30,11.76,12.18,11.97
2019-05-29,11.87,12.24,12.06
2019-05-28,11.75,12.09,11.92
2019-05-24,11.66,12.05,11.86
2019-05-23,11.57,11.97,11.77
2019-05-22,11.62,12.04,11.83
2019-05-21,11.81,12.17,11.99
2019-05-20,11.62,12.02,11.82
2019-05-17,11.55,11.93,11.74
2019-05-16,11.78,12.14,11.96
2019-05-15,11.85,12.19,12.02
2019-05-14,11.94,12.26,12.10
2019-05-13,11.84,12.19,12.02
2019-05-10,11.72,12.07,11.90
2019-05-09,11.78,12.12,11.95
2019-05-08,11.65,12.02,11.84
2019-05-07,11.95,12.28,12.12
2019-05-06,11.88,12.22,12.05
2019-05-03,12.01,12.35,12.18
2019-05-02,12.23,12.55,12.39
2019-05-01,12.21,12.54,12.38
2019-04-30,11.99,12.34,12.17
2019-04-29,11.63,12.33,11.98
2019-04-26,12.26,12.65,12.46
2019-04-25,12.36,12.69,12.53
2019-04-24,12.68,12.9,12.79
2019-04-23,12.7,12.9,12.80
2019-04-22,12.54,12.77,12.66
2019-04-18,12.76,12.98,12.87
2019-04-17,12.35,12.53,12.44
2019-04-16,12.51,12.67,12.59
2019-04-15,12.66,12.79,12.73
2019-04-12,12.77,12.92,12.85
2019-04-11,12.66,12.82,12.74
2019-04-10,12.81,12.98,12.90
2019-04-09,12.78,12.9,12.84
2019-04-08,12.57,12.68,12.63
2019-04-05,12.76,12.87,12.82
2019-04-04,12.71,12.81,12.76
2019-04-03,12.42,12.55,12.49
2019-04-02,12.66,12.8,12.73
2019-04-01,12.67,12.78,12.73
2019-03-29,12.53,12.65,12.59
2019-03-28,12.53,12.63,12.58
2019-03-27,12.58,12.69,12.64
2019-03-26,12.59,12.74,12.67
2019-03-25,12.48,12.65,12.57
2019-03-22,12.57,12.74,12.66
2019-03-21,12.5,12.73,12.62
2019-03-20,12.74,12.95,12.85
2019-03-19,12.78,12.96,12.87
2019-03-18,12.84,13.01,12.93
2019-03-15,12.52,12.68,12.60
2019-03-14,12.41,12.57,12.49
2019-03-13,12.36,12.54,12.45
2019-03-12,12.33,12.54,12.44
2019-03-11,12.29,12.5,12.40
2019-03-08,12.18,12.37,12.28
2019-03-07,12.14,12.36,12.25
2019-03-06,12.16,12.38,12.27
2019-03-05,12.44,12.64,12.54
2019-03-04,12.36,12.59,12.48
2019-03-01,12.62,12.87,12.75
2019-02-28,12.73,12.78,12.76
2019-02-27,12.91,12.97,12.94
2019-02-26,12.88,12.85,12.87
2019-02-25,13.1,13,13.05
2019-02-22,13.37,13.3,13.34
2019-02-21,13.24,13.2,13.22
2019-02-20,13.44,13.38,13.41
2019-02-19,13.35,13.23,13.29
2019-02-15,13.14,13,13.07
2019-02-14,12.61,12.42,12.52
2019-02-13,12.75,12.58,12.67
2019-02-12,12.85,12.66,12.76
2019-02-11,12.67,12.49,12.58
2019-02-08,12.71,12.66,12.69
2019-02-07,12.73,12.7,12.72
2019-02-06,12.9,12.89,12.90
2019-02-05,12.82,12.84,12.83
2019-02-04,12.85,12.86,12.86
2019-02-01,12.6,12.65,12.63
2019-01-31,12.73,12.81,12.77
2019-01-30,12.53,12.64,12.59
2019-01-29,12.69,12.79,12.74
2019-01-28,12.79,12.89,12.84
2019-01-25,12.44,12.59,12.52
2019-01-24,12.98,13.11,13.05
2019-01-23,12.97,13.08,13.03
2019-01-22,12.93,13.06,13.00
2019-01-18,13.03,13.16,13.10
2019-01-17,12.85,13,12.93
2019-01-16,13.17,13.3,13.24
2019-01-15,13.16,13.25,13.21
2019-01-14,12.75,12.89,12.82
2019-01-11,12.78,12.92,12.85
2019-01-10,12.67,12.81,12.74
2019-01-09,12.87,13.01,12.94
2019-01-08,12.76,12.89,12.83
2019-01-07,12.65,12.72,12.69
2019-01-04,11.93,12.02,11.98
2019-01-03,11.69,11.82,11.76
2019-01-02,11.93,12.03,11.98
2018-12-31,12.03,12.1,12.07
2018-12-28,12.39,12.44,12.42
2018-12-27,12.25,12.3,12.28
2018-12-26,12.39,12.43,12.41
2018-12-24,12.4,12.45,12.43
2018-12-21,12.34,12.4,12.37
2018-12-20,12.43,12.5,12.47
2018-12-19,12.47,12.54,12.51
2018-12-18,12.3,12.38,12.34
2018-12-17,12.49,12.6,12.55
2018-12-14,12.65,12.75,12.70
2018-12-13,12.75,12.81,12.78
2018-12-12,12.74,12.82,12.78
2018-12-11,12.83,12.91,12.87
2018-12-10,12.72,12.82,12.77
2018-12-07,12.87,12.97,12.92
2018-12-06,12.64,12.74,12.69
2018-12-05,12.72,12.83,12.78
2018-12-04,12.75,12.86,12.81
2018-12-03,12.91,13.02,12.97
2018-11-30,12.84,12.95,12.90
2018-11-29,12.87,12.97,12.92
2018-11-28,12.84,12.93,12.89
2018-11-27,12.34,12.46,12.40
2018-11-26,12.48,12.61,12.55
2018-11-23,12.47,12.58,12.53
2018-11-21,12.68,12.78,12.73
2018-11-20,12.46,12.59,12.53
2018-11-19,12.8,12.93,12.87
2018-11-16,12.69,12.84,12.77
2018-11-15,12.65,12.8,12.73
2018-11-14,12.65,12.8,12.73
2018-11-13,12.61,12.75,12.68
2018-11-12,12.94,13.08,13.01
2018-11-09,12.73,12.87,12.80
2018-11-08,12.84,12.98,12.91
2018-11-07,13.01,13.11,13.06
2018-11-06,12.96,13.08,13.02
2018-11-05,13.15,13.29,13.22
2018-11-02,13.44,13.57,13.51
2018-11-01,13.19,13.28,13.24
2018-10-31,13.19,13.3,13.25
2018-10-30,13.32,13.45,13.39
2018-10-29,13.5,13.62,13.56
2018-10-26,13.84,13.94,13.89
2018-10-25,13.97,14.06,14.02
2018-10-24,14.01,14.09,14.05
2018-10-23,13.81,13.94,13.88
2018-10-22,13.82,13.96,13.89
2018-10-19,13.89,14.01,13.95
2018-10-18,13.87,13.94,13.91
2018-10-17,13.73,13.8,13.77
2018-10-16,13.25,13.38,13.32
2018-10-15,13.43,13.53,13.48
2018-10-12,13.07,13.19,13.13
2018-10-11,12.92,13.06,12.99
2018-10-10,12.85,13.01,12.93
2018-10-09,12.97,13.13,13.05
2018-10-08,12.94,13.07,13.01
2018-10-05,12.63,12.75,12.69
2018-10-04,12.33,12.47,12.40
2018-10-03,12.23,12.36,12.30
2018-10-02,12.07,12.16,12.12
2018-10-01,11.61,11.69,11.65
2018-09-28,10.42,11.2,10.81
2018-09-27,10.05,10.91,10.48
2018-09-26,9.9,10.91,10.41
2018-09-25,10.36,11.15,10.76
2018-09-24,10.38,11.23,10.81
2018-09-21,10.84,11.68,11.26
2018-09-20,10.8,11.62,11.21
2018-09-19,10.76,11.64,11.20
2018-09-18,10.52,11.5,11.01
2018-09-17,10.63,11.58,11.11
2018-09-14,11.16,12.02,11.59
2018-09-13,11.68,12.45,12.07
2018-09-12,11.67,12.33,12.00
2018-09-11,11.18,12,11.59
2018-09-10,11.2,12.03,11.62
2018-09-07,11.01,11.78,11.40
2018-09-06,10.8,11.56,11.18
2018-09-05,10.89,11.69,11.29
2018-09-04,10.64,11.46,11.05
2018-08-31,10.6,11.42,11.01
2018-08-30,10.57,11.34,10.96
2018-08-29,10.37,11.12,10.75
2018-08-28,10.31,11.11,10.71
2018-08-27,10.51,11.22,10.87
2018-08-24,10.23,11.05,10.64
2018-08-23,10.12,11,10.56
2018-08-22,10.18,11.07,10.63
2018-08-21,10.17,11.05,10.61
2018-08-20,10.09,10.96,10.53
2018-08-17,10.18,11.05,10.62
2018-08-16,10.3,11.14,10.72
2018-08-15,10.23,11.13,10.68
2018-08-14,10.34,11.28,10.81
2018-08-13,10.3,11.34,10.82
2018-08-10,10.54,11.5,11.02
2018-08-09,10.84,11.79,11.32
2018-08-08,10.81,11.69,11.25
2018-08-07,10.88,11.78,11.33
2018-08-06,10.98,11.77,11.38
2018-08-03,10.85,11.66,11.26
2018-08-02,10.59,11.39,10.99
2018-08-01,10.48,11.29,10.89
2018-07-31,10.55,11.48,11.02
2018-07-30,10.82,11.74,11.28
2018-07-27,10.88,11.78,11.33
2018-07-26,11.03,11.9,11.47
2018-07-25,11.19,11.99,11.59
2018-07-24,11.19,11.96,11.58
2018-07-23,11.08,11.84,11.46
2018-07-20,11.12,11.84,11.48
2018-07-19,10.97,11.67,11.32
2018-07-18,11.08,11.77,11.43
2018-07-17,11.13,11.83,11.48
2018-07-16,11.14,11.83,11.49
2018-07-13,10.96,11.68,11.32
2018-07-12,11.08,11.84,11.46
2018-07-11,11.29,12.03,11.66
2018-07-10,11.41,12.13,11.77
2018-07-09,11.4,12.12,11.76
2018-07-06,11.51,12.19,11.85
2018-07-05,11.48,12.14,11.81
2018-07-03,11.39,12.12,11.76
2018-07-02,11.56,12.33,11.95
2018-06-29,11.86,12.25,12.06
2018-06-28,11.88,12.25,12.07
2018-06-27,11.72,12.05,11.89
2018-06-26,12.12,12.45,12.29
2018-06-25,12,12.32,12.16
2018-06-22,12.05,12.41,12.23
2018-06-21,11.87,12.21,12.04
2018-06-20,11.89,12.19,12.04
2018-06-19,11.84,12.13,11.99
2018-06-18,11.99,12.28,12.14
2018-06-15,12.02,12.35,12.19
2018-06-14,12.23,12.56,12.40
2018-06-13,12.51,12.76,12.64
2018-06-12,12.35,12.67,12.51
2018-06-11,12.35,12.64,12.50
2018-06-08,12.25,12.52,12.39
2018-06-07,11.73,12.02,11.88
2018-06-06,12.2,12.47,12.34
2018-06-05,12.02,12.33,12.18
2018-06-04,11.9,12.22,12.06
2018-06-01,12.52,12.81,12.67
2018-05-31,12.79,13.02,12.91
2018-05-30,12.6,12.82,12.71
2018-05-29,12.46,12.71,12.59
2018-05-25,12.46,12.76,12.61
2018-05-24,12.38,12.7,12.54
2018-05-23,12.35,12.72,12.54
2018-05-22,12.15,12.52,12.34
2018-05-21,12.1,12.39,12.25
2018-05-18,11.66,11.97,11.82
2018-05-17,11.56,11.87,11.72
2018-05-16,11.61,11.89,11.75
2018-05-15,11.52,11.85,11.69
2018-05-14,11.26,11.64,11.45
2018-05-11,11.22,11.6,11.41
2018-05-10,11.27,11.67,11.47
2018-05-09,11.29,11.69,11.49
2018-05-08,11.56,11.92,11.74
2018-05-07,11.32,11.68,11.50
2018-05-04,11.51,11.79,11.65
2018-05-03,11.69,11.95,11.82
2018-05-02,11.75,12.01,11.88
2018-05-01,11.69,11.96,11.83
2018-04-30,11.52,11.75,11.64
2018-04-27,11.22,11.52,11.37
2018-04-26,10.97,11.38,11.18
2018-04-25,10.86,11.12,10.99
2018-04-24,11.14,11.38,11.26
2018-04-23,11.21,11.4,11.31
2018-04-20,11.64,11.87,11.76
2018-04-19,11.75,11.95,11.85
2018-04-18,11.74,11.91,11.83
2018-04-17,11.65,11.82,11.74
2018-04-16,11.98,12.17,12.08
2018-04-13,12.08,12.2,12.14
2018-04-12,12.05,12.13,12.09
2018-04-11,12.06,12.12,12.09
2018-04-10,12.13,12.19,12.16
2018-04-09,12.36,12.42,12.39
2018-04-06,12.34,12.38,12.36
2018-04-05,12.35,12.47,12.41
2018-04-04,12.27,12.43,12.35
2018-04-03,12.47,12.61,12.54
2018-04-02,12.52,12.63,12.58
2018-03-29,12.35,12.46,12.41
2018-03-28,12.21,12.34,12.28
2018-03-27,12.54,12.66,12.60
2018-03-26,12.42,12.61,12.52
2018-03-23,12.57,12.76,12.67
2018-03-22,12.77,12.95,12.86
2018-03-21,12.67,12.87,12.77
2018-03-20,12.56,12.75,12.66
2018-03-19,12.89,13.05,12.97
2018-03-16,12.65,12.85,12.75
2018-03-15,12.74,12.95,12.85
2018-03-14,12.76,12.97,12.87
2018-03-13,12.62,12.89,12.76
2018-03-12,12.93,13.16,13.05
2018-03-09,12.84,13.06,12.95
2018-03-08,12.89,13.1,13.00
2018-03-07,12.79,12.99,12.89
2018-03-06,13.45,13.63,13.54
2018-03-05,13.56,13.75,13.66
2018-03-02,13.42,13.6,13.51
2018-03-01,13.71,13.82,13.77
2018-02-28,13.48,13.38,13.43
2018-02-27,13.01,12.87,12.94
2018-02-26,13.66,13.43,13.55
2018-02-23,13.68,13.46,13.57
2018-02-22,13.71,13.58,13.65
2018-02-21,13.38,13.27,13.33
2018-02-20,13.36,13.29,13.33
2018-02-16,13.38,13.28,13.33
2018-02-15,13.62,13.51,13.57
2018-02-14,13.4,13.31,13.36
2018-02-13,13.48,13.44,13.46
2018-02-12,13.73,13.61,13.67
2018-02-09,13.67,13.55,13.61
2018-02-08,13.58,13.59,13.59
2018-02-07,14,13.98,13.99
2018-02-06,13.84,13.85,13.85
2018-02-05,13.9,13.86,13.88
2018-02-02,13.63,13.68,13.66
2018-02-01,13.37,13.49,13.43
2018-01-31,13.23,13.37,13.30
2018-01-30,13.72,13.82,13.77
2018-01-29,13.67,13.76,13.72
2018-01-26,13.36,13.52,13.44
2018-01-25,13.24,13.42,13.33
2018-01-24,13.16,13.31,13.24
2018-01-23,13.19,13.36,13.28
2018-01-22,13.17,13.31,13.24
2018-01-19,13.25,13.4,13.33
2018-01-18,13.08,13.24,13.16
2018-01-17,13.42,13.58,13.50
2018-01-16,13.59,13.77,13.68
2018-01-12,14.18,14.32,14.25
2018-01-11,14.18,14.32,14.25
2018-01-10,14.65,14.72,14.69
2018-01-09,14.73,14.77,14.75
2018-01-08,14.78,14.78,14.78
2018-01-05,15.08,15.02,15.05
2018-01-04,15.25,15.16,15.21
2018-01-03,15.31,15.21,15.26
2018-01-02,15.33,15.19,15.26
2017-12-29,15.16,15.02,15.09
2017-12-28,15,14.87,14.94
2017-12-27,14.93,14.82,14.88
2017-12-26,14.7,14.64,14.67
2017-12-22,14.6,14.54,14.57
2017-12-21,14.77,14.61,14.69
2017-12-20,14.57,14.4,14.49
2017-12-19,14.41,14.23,14.32
2017-12-18,13.76,13.64,13.70
2017-12-15,13.66,13.52,13.59
2017-12-14,13.77,13.62,13.70
2017-12-13,13.85,13.7,13.78
2017-12-12,13.77,13.69,13.73
2017-12-11,13.95,13.87,13.91
2017-12-08,14.05,13.97,14.01
2017-12-07,14.31,14.24,14.28
2017-12-06,14.45,14.46,14.46
2017-12-05,14.9,14.87,14.89
2017-12-04,15.06,15,15.03
2017-12-01,14.98,14.94,14.96
2017-11-30,15.08,15.03,15.06
2017-11-29,15.07,15.03,15.05
2017-11-28,15.04,15.02,15.03
2017-11-27,15.39,15.33,15.36
2017-11-24,15.45,15.36,15.41
2017-11-22,15.28,15.21,15.25
2017-11-21,14.88,14.9,14.89
2017-11-20,14.98,14.99,14.99
2017-11-17,15.37,15.33,15.35
2017-11-16,15.26,15.22,15.24
2017-11-15,15.09,15.09,15.09
2017-11-14,15.1,15.1,15.10
2017-11-13,15.13,15.04,15.09
2017-11-10,14.96,14.96,14.96
2017-11-09,14.88,14.9,14.89
2017-11-08,14.84,14.91,14.88
2017-11-07,14.72,14.76,14.74
2017-11-06,14.56,14.65,14.61
2017-11-03,14.38,14.48,14.43
2017-11-02,14.23,14.36,14.30
2017-11-01,14.61,14.69,14.65
2017-10-31,14.74,14.82,14.78
2017-10-30,14.73,14.79,14.76
2017-10-27,14.63,14.67,14.65
2017-10-26,14.11,14.22,14.17
2017-10-25,14.18,14.28,14.23
2017-10-24,14.28,14.36,14.32
2017-10-23,13.88,14,13.94
2017-10-20,14,14.11,14.06
2017-10-19,14.13,14.22,14.18
2017-10-18,14.08,14.17,14.13
2017-10-17,14.03,14.15,14.09
2017-10-16,14.18,14.28,14.23
2017-10-13,14.41,14.48,14.45
2017-10-12,14.28,14.36,14.32
2017-10-11,14.3,14.38,14.34
2017-10-10,14.17,14.24,14.21
2017-10-09,14,14.11,14.06
2017-10-06,13.98,14.11,14.05
2017-10-05,14.39,14.49,14.44
2017-10-04,14.25,14.35,14.30
2017-10-03,14.04,14.15,14.10
2017-10-02,14.31,14.42,14.37
2017-09-29,13.54,14.1,13.82
2017-09-28,13.23,13.95,13.59
2017-09-27,13.08,13.83,13.46
2017-09-26,13.21,13.91,13.56
2017-09-25,13.74,14.35,14.05
2017-09-22,13.98,14.64,14.31
2017-09-21,14.05,14.73,14.39
2017-09-20,14.07,14.7,14.39
2017-09-19,13.76,14.37,14.07
2017-09-18,14.31,14.92,14.62
2017-09-15,14.55,15.17,14.86
2017-09-14,14.27,14.85,14.56
2017-09-13,14.33,14.8,14.57
2017-09-12,14.02,14.54,14.28
2017-09-11,14.29,14.84,14.57
2017-09-08,14.09,14.64,14.37
2017-09-07,14.03,14.64,14.34
2017-09-06,14.29,14.85,14.57
2017-09-05,14.03,14.63,14.33
2017-09-01,13.75,14.36,14.06
2017-08-31,14.4,14.98,14.69
2017-08-30,13.91,14.53,14.22
2017-08-29,13.82,14.48,14.15
2017-08-28,14.31,14.84,14.58
2017-08-25,14.03,14.69,14.36
2017-08-24,14.02,14.68,14.35
2017-08-23,13.67,14.39,14.03
2017-08-22,13.51,14.26,13.89
2017-08-21,13.52,14.26,13.89
2017-08-18,13.41,14.17,13.79
2017-08-17,13.29,14.1,13.70
2017-08-16,12.94,13.79,13.37
2017-08-15,13.13,13.95,13.54
2017-08-14,13.5,14.3,13.90
2017-08-11,13.2,14.05,13.63
2017-08-10,13.24,14.14,13.69
2017-08-09,13.64,14.5,14.07
2017-08-08,13.78,14.61,14.20
2017-08-07,13.87,14.66,14.27
2017-08-04,14.14,14.88,14.51
2017-08-03,14.31,15.05,14.68
2017-08-02,14.79,15.5,15.15
2017-08-01,14.88,15.56,15.22
2017-07-31,14.91,15.6,15.26
2017-07-28,14.37,15.09,14.73
2017-07-27,14.43,15.13,14.78
2017-07-26,14.23,15,14.62
2017-07-25,13.9,14.7,14.30
2017-07-24,14.4,15.16,14.78
2017-07-21,14.4,15.15,14.78
2017-07-20,14.41,15.15,14.78
2017-07-19,14.5,15.21,14.86
2017-07-18,14.1,14.84,14.47
2017-07-17,14.09,14.84,14.47
2017-07-14,14.3,15.03,14.67
2017-07-13,14.14,14.87,14.51
2017-07-12,13.49,14.25,13.87
2017-07-11,13.44,14.19,13.82
2017-07-10,13.56,14.29,13.93
2017-07-07,14.15,14.83,14.49
2017-07-06,13.92,14.62,14.27
2017-07-05,13.72,14.43,14.08
2017-07-03,13.92,14.61,14.27
2017-06-30,13.68,13.81,13.75
2017-06-29,13.3,13.5,13.40
2017-06-28,12.55,12.76,12.66
2017-06-27,12.65,12.89,12.77
2017-06-26,12.61,12.85,12.73
2017-06-23,12.97,13.17,13.07
2017-06-22,12.84,13.06,12.95
2017-06-21,13.06,13.26,13.16
2017-06-20,13.61,13.82,13.72
2017-06-19,13.46,13.67,13.57
2017-06-16,13.44,13.63,13.54
2017-06-15,13.47,13.68,13.58
2017-06-14,13.62,13.85,13.74
2017-06-13,13.79,14.02,13.91
2017-06-12,14.02,14.21,14.12
2017-06-09,14.27,14.47,14.37
2017-06-08,14.34,14.53,14.44
2017-06-07,14.14,14.33,14.24
2017-06-06,13.98,14.22,14.10
2017-06-05,13.89,14.16,14.03
2017-06-02,13.74,14.04,13.89
2017-06-01,14.23,14.53,14.38
2017-05-31,14.87,15.13,15.00
2017-05-30,15.02,15.28,15.15
2017-05-26,15.05,15.37,15.21
2017-05-25,15.66,15.96,15.81
2017-05-24,15.67,15.94,15.81
2017-05-23,15.87,16.13,16.00
2017-05-22,16.51,16.72,16.62
2017-05-19,16.38,16.59,16.49
2017-05-18,16.03,16.24,16.14
2017-05-17,16.3,16.54,16.42
2017-05-16,15.88,16.15,16.02
2017-05-15,15.61,15.89,15.75
2017-05-12,15.51,15.82,15.67
2017-05-11,15.63,15.96,15.80
2017-05-10,15.84,16.14,15.99
2017-05-09,15.44,15.76,15.60
2017-05-08,15.38,15.68,15.53
2017-05-05,15.31,15.59,15.45
2017-05-04,15.37,15.63,15.50
2017-05-03,15.77,16.02,15.90
2017-05-02,15.88,16.15,16.02
2017-05-01,16.18,16.4,16.29
2017-04-28,16.04,16.13,16.09
2017-04-27,15.18,15.43,15.31
2017-04-26,15.38,15.57,15.48
2017-04-25,16.18,16.28,16.23
2017-04-24,16.24,16.32,16.28
2017-04-21,16.41,16.51,16.46
2017-04-20,16.33,16.41,16.37
2017-04-19,16.42,16.52,16.47
2017-04-18,16.7,16.83,16.77
2017-04-17,16.47,16.52,16.50
2017-04-13,16.6,16.57,16.59
2017-04-12,16.7,16.74,16.72
2017-04-11,16.72,16.76,16.74
2017-04-10,16.63,16.62,16.63
2017-04-07,16.77,16.74,16.76
2017-04-06,16.45,16.49,16.47
2017-04-05,16.1,16.24,16.17
2017-04-04,16.16,16.33,16.25
2017-04-03,16.54,16.68,16.61
2017-03-31,16.76,16.88,16.82
2017-03-30,16.81,16.94,16.88
2017-03-29,17.12,17.22,17.17
2017-03-28,17.56,17.6,17.58
2017-03-27,17.7,17.68,17.69
2017-03-24,17.71,17.69,17.70
2017-03-23,17.6,17.59,17.60
2017-03-22,17.3,17.29,17.30
2017-03-21,17.29,17.32,17.31
2017-03-20,17.7,17.69,17.70
2017-03-17,18.17,18.1,18.14
2017-03-16,18.25,18.17,18.21
2017-03-15,18.23,18.17,18.20
2017-03-14,18.16,18.09,18.13
2017-03-13,18.18,18.15,18.17
2017-03-10,18.22,18.19,18.21
2017-03-09,18,18.02,18.01
2017-03-08,18.4,18.38,18.39
2017-03-07,18.4,18.41,18.41
2017-03-06,19.15,19.04,19.10
2017-03-03,19.52,19.33,19.43
2017-03-02,19.66,19.46,19.56
2017-03-01,19.48,19.34,19.41
2017-02-28,19.31,19.23,19.27
2017-02-27,19.09,19.15,19.12
2017-02-24,19.8,19.81,19.81
2017-02-23,20.16,20.13,20.15
2017-02-22,20.71,20.68,20.70
2017-02-21,20.8,20.74,20.77
2017-02-17,20.3,20.26,20.28
2017-02-16,20.36,20.3,20.33
2017-02-15,20.48,20.43,20.46
2017-02-14,20.47,20.37,20.42
2017-02-13,20,19.99,20.00
2017-02-10,20.42,20.43,20.43
2017-02-09,20.65,20.65,20.65
2017-02-08,20.76,20.73,20.75
2017-02-07,20.72,20.63,20.68
2017-02-06,21.18,20.97,21.08
2017-02-03,21.11,20.91,21.01
2017-02-02,20.55,20.51,20.53
2017-02-01,20.84,20.7,20.77
2017-01-31,20.45,20.46,20.46
2017-01-30,20.31,20.37,20.34
2017-01-27,20.33,20.36,20.35
2017-01-26,20.36,20.36,20.36
2017-01-25,20.34,20.4,20.37
2017-01-24,20.58,20.64,20.61
2017-01-23,20.64,20.63,20.64
2017-01-20,20.18,20.22,20.20
2017-01-19,20.18,20.22,20.20
2017-01-18,20.98,20.8,20.89
2017-01-17,20.73,20.55,20.64
2017-01-13,20.52,20.35,20.44
2017-01-12,20.76,20.52,20.64
2017-01-11,20.56,20.38,20.47
2017-01-10,20.48,20.31,20.40
2017-01-09,20.42,20.23,20.33
2017-01-06,20.75,20.41,20.58
2017-01-05,20.78,20.43,20.61
2017-01-04,20.89,20.41,20.65
2017-01-03,20.51,20.12,20.32
2016-12-30,19.51,19.25,19.38
2016-12-29,19.49,19.22,19.36
2016-12-28,18.99,18.74,18.87
2016-12-27,18.54,18.3,18.42
2016-12-23,18.15,17.97,18.06
2016-12-22,18.16,17.95,18.06
2016-12-21,18.2,18,18.10
2016-12-20,18.25,18.06,18.16
2016-12-19,18.23,18.05,18.14
2016-12-16,18.22,18.04,18.13
2016-12-15,18.56,18.32,18.44
2016-12-14,18.03,17.82,17.93
2016-12-13,18.6,18.33,18.47
2016-12-12,19.25,18.81,19.03
2016-12-09,19.24,18.78,19.01
2016-12-08,19.45,18.96,19.21
2016-12-07,19.63,19.12,19.38
2016-12-06,19.51,18.98,19.25
2016-12-05,18.94,18.48,18.71
2016-12-02,19.12,18.66,18.89
2016-12-01,19.36,18.89,19.13
2016-11-30,19.81,19.27,19.54
2016-11-29,19.66,19.12,19.39
2016-11-28,19.94,19.36,19.65
2016-11-25,19.84,19.26,19.55
2016-11-23,19.58,19.08,19.33
2016-11-22,19.75,19.28,19.52
2016-11-21,20.35,19.79,20.07
2016-11-18,20.15,19.62,19.89
2016-11-17,20.22,19.71,19.97
2016-11-16,20.36,19.87,20.12
2016-11-15,21.15,20.59,20.87
2016-11-14,21.63,20.96,21.30
2016-11-11,21.7,21.07,21.39
2016-11-10,21.65,21.07,21.36
2016-11-09,22.11,21.55,21.83
2016-11-08,21.97,21.34,21.66
2016-11-07,22.27,21.65,21.96
2016-11-04,21.73,21.19,21.46
2016-11-03,21.48,21,21.24
2016-11-02,21.7,21.16,21.43
2016-11-01,21.19,20.8,21.00
2016-10-31,21.57,21.11,21.34
2016-10-28,22.16,21.62,21.89
2016-10-27,22.59,22.03,22.31
2016-10-26,22.67,22.11,22.39
2016-10-25,22.93,22.28,22.61
2016-10-24,23.2,22.53,22.87
2016-10-21,22.71,22.07,22.39
2016-10-20,22.62,21.99,22.31
2016-10-19,22.95,22.29,22.62
2016-10-18,23.02,22.35,22.69
2016-10-17,23.16,22.46,22.81
2016-10-14,22.91,22.24,22.58
2016-10-13,22.92,22.26,22.59
2016-10-12,23.15,22.43,22.79
2016-10-11,23.29,22.49,22.89
2016-10-10,23.13,22.37,22.75
2016-10-07,23.42,22.63,23.03
2016-10-06,23.11,22.31,22.71
2016-10-05,23.81,22.91,23.36
2016-10-04,23.26,22.44,22.85
2016-10-03,22.67,21.95,22.31
2016-09-30,22.53,23,22.77
2016-09-29,22.76,23.35,23.06
2016-09-28,23.27,23.78,23.53
2016-09-27,23.02,23.44,23.23
2016-09-26,22.54,23.12,22.83
2016-09-23,22.13,22.7,22.42
2016-09-22,22.17,22.67,22.42
2016-09-21,22.2,22.76,22.48
2016-09-20,22.13,22.7,22.42
2016-09-19,22.1,22.75,22.43
2016-09-16,21.78,22.47,22.13
2016-09-15,20.48,21.16,20.82
2016-09-14,20.13,20.73,20.43
2016-09-13,20.43,20.96,20.70
2016-09-12,20.24,20.85,20.55
2016-09-09,19.99,20.69,20.34
2016-09-08,20.22,20.88,20.55
2016-09-07,20.29,20.9,20.60
2016-09-06,20.22,20.85,20.54
2016-09-02,20.18,20.77,20.48
2016-09-01,19.59,20.18,19.89
2016-08-31,20.06,20.56,20.31
2016-08-30,20.52,21.01,20.77
2016-08-29,20.67,21.15,20.91
2016-08-26,20.61,21.09,20.85
2016-08-25,20.55,21.02,20.79
2016-08-24,20.22,20.73,20.48
2016-08-23,20.73,21.16,20.95
2016-08-22,20.42,20.88,20.65
2016-08-19,19.77,20.28,20.03
2016-08-18,19.98,20.46,20.22
2016-08-17,19.72,20.21,19.97
2016-08-16,20.26,20.74,20.50
2016-08-15,19.98,20.45,20.22
2016-08-12,19.71,20.2,19.96
2016-08-11,19.6,20.09,19.85
2016-08-10,19.64,20.11,19.88
2016-08-09,20.39,20.82,20.61
2016-08-08,20.55,20.95,20.75
2016-08-05,20.35,20.71,20.53
2016-08-04,19.7,20.07,19.89
2016-08-03,19.04,19.45,19.25
2016-08-02,19.05,19.48,19.27
2016-08-01,18.81,19.24,19.03
2016-07-29,19.05,19.44,19.25
2016-07-28,18.8,19.18,18.99
2016-07-27,19.1,19.39,19.25
2016-07-26,19.52,19.76,19.64
2016-07-25,19.89,20.09,19.99
2016-07-22,19.59,19.83,19.71
2016-07-21,19.56,19.81,19.69
2016-07-20,19.28,19.56,19.42
2016-07-19,19.36,19.62,19.49
2016-07-18,19.37,19.64,19.51
2016-07-15,19.31,19.58,19.45
2016-07-14,19.91,20.09,20.00
2016-07-13,19.48,19.75,19.62
2016-07-12,19.72,19.97,19.85
2016-07-11,20.28,20.45,20.37
2016-07-08,19.57,19.81,19.69
2016-07-07,19.73,20,19.87
2016-07-06,20.57,20.76,20.67
2016-07-05,20.87,20.94,20.91
2016-07-01,20.78,20.84,20.81
2016-06-30,20.15,20.33,20.24
2016-06-29,20.82,21.01,20.92
2016-06-28,19.81,19.94,19.88
2016-06-27,19.48,19.64,19.56
2016-06-24,19,19.16,19.08
2016-06-23,19.04,19.19,19.12
2016-06-22,19.04,19.17,19.11
2016-06-21,19.24,19.34,19.29
2016-06-20,19.69,19.76,19.73
2016-06-17,19.76,19.9,19.83
2016-06-16,19.68,19.76,19.72
2016-06-15,19.76,19.85,19.81
2016-06-14,19.34,19.42,19.38
2016-06-13,19.54,19.64,19.59
2016-06-10,19.7,19.73,19.72
2016-06-09,19.74,19.8,19.77
2016-06-08,19.61,19.66,19.64
2016-06-07,19,19.12,19.06
2016-06-06,18.78,18.87,18.83
2016-06-03,18.75,18.78,18.77
2016-06-02,18.08,18.1,18.09
2016-06-01,17.41,17.6,17.51
2016-05-31,17.49,17.66,17.58
2016-05-27,17.52,17.68,17.60
2016-05-26,17.42,17.63,17.53
2016-05-25,17.16,17.43,17.30
2016-05-24,16.61,16.96,16.79
2016-05-23,16.8,17.09,16.95
2016-05-20,17.07,17.33,17.20
2016-05-19,16.7,16.99,16.85
2016-05-18,16.81,17.08,16.95
2016-05-17,16.82,17.1,16.96
2016-05-16,16.89,17.12,17.01
2016-05-13,16.74,16.99,16.87
2016-05-12,16.98,17.21,17.10
2016-05-11,16.77,17.08,16.93
2016-05-10,16.02,16.39,16.21
2016-05-09,15.88,16.26,16.07
2016-05-06,15.74,16.09,15.92
2016-05-05,15.84,16.16,16.00
2016-05-04,16.65,16.9,16.78
2016-05-03,16.25,16.53,16.39
2016-05-02,16.21,16.53,16.37
2016-04-29,16.16,16.32,16.24
2016-04-28,15.32,15.71,15.52
2016-04-27,15.55,15.84,15.70
2016-04-26,15.77,16.05,15.91
2016-04-25,15.63,15.89,15.76
2016-04-22,15.26,15.47,15.37
2016-04-21,15.58,15.79,15.69
2016-04-20,15.57,15.81,15.69
2016-04-19,15.17,15.42,15.30
2016-04-18,15.35,15.54,15.45
2016-04-15,15.04,15.2,15.12
2016-04-14,14.13,14.37,14.25
2016-04-13,14.01,14.29,14.15
2016-04-12,14.07,14.34,14.21
2016-04-11,14.15,14.39,14.27
2016-04-08,14.69,14.88,14.79
2016-04-07,14.43,14.61,14.52
2016-04-06,14.62,14.77,14.70
2016-04-05,14.64,14.79,14.72
2016-04-04,14.64,14.82,14.73
2016-04-01,15.18,15.27,15.23
2016-03-31,15.35,15.45,15.40
2016-03-30,15.87,15.96,15.92
2016-03-29,15.86,15.94,15.90
2016-03-28,15.94,16.03,15.99
2016-03-24,15.87,15.88,15.88
2016-03-23,16.71,16.59,16.65
2016-03-22,16.58,16.43,16.51
2016-03-21,16.29,16.19,16.24
2016-03-18,15.97,15.91,15.94
2016-03-17,15.99,15.91,15.95
2016-03-16,15.47,15.41,15.44
2016-03-15,15.32,15.27,15.30
2016-03-14,15.42,15.33,15.38
2016-03-11,15.13,15.06,15.10
2016-03-10,14.82,14.79,14.81
2016-03-09,14.63,14.58,14.61
2016-03-08,14.86,14.78,14.82
2016-03-07,14.66,14.61,14.64
2016-03-04,14.83,14.7,14.77
2016-03-03,14.84,14.67,14.76
2016-03-02,14.67,14.48,14.58
2016-03-01,14.39,14.25,14.32
2016-02-29,14.56,14.36,14.46
2016-02-26,13.91,14,13.96
2016-02-25,14.24,14.2,14.22
2016-02-24,13.97,13.88,13.93
2016-02-23,14,13.9,13.95
2016-02-22,12.61,12.76,12.69
2016-02-19,12.52,12.67,12.60
2016-02-18,12.78,12.85,12.82
2016-02-17,13.16,13.15,13.16
2016-02-16,13.22,13.2,13.21
2016-02-12,13.15,13.12,13.14
2016-02-11,13.07,13.02,13.05
2016-02-10,13.38,13.33,13.36
2016-02-09,13.39,13.35,13.37
2016-02-08,13.45,13.35,13.40
2016-02-05,13.27,13.14,13.21
2016-02-04,12.89,12.84,12.87
2016-02-03,12.89,12.84,12.87
2016-02-02,12.99,12.97,12.98
2016-02-01,12.83,12.88,12.86
2016-01-29,13.14,13.08,13.11
2016-01-28,13.25,13.25,13.25
2016-01-27,13.58,13.55,13.57
2016-01-26,14.02,13.87,13.95
2016-01-25,14.1,13.94,14.02
2016-01-22,14.42,14.17,14.30
2016-01-21,14.45,14.16,14.31
2016-01-20,14.18,13.91,14.05
2016-01-19,14.75,14.41,14.58
2016-01-15,14.92,14.48,14.70
2016-01-14,14.88,14.44,14.66
2016-01-13,14.47,14.11,14.29
2016-01-12,14.05,13.78,13.92
2016-01-11,14.15,13.91,14.03
2016-01-08,14.46,14.18,14.32
2016-01-07,14.75,14.45,14.60
2016-01-06,14.42,14.12,14.27
2016-01-05,14.57,14.25,14.41
2016-01-04,14.97,14.65,14.81
2015-12-31,15.24,14.92,15.08
2015-12-30,15.15,14.76,14.96
2015-12-29,14.78,14.44,14.61
2015-12-28,14.76,14.4,14.58
2015-12-24,15.06,14.69,14.88
2015-12-23,15.15,14.76,14.96
2015-12-22,15.04,14.65,14.85
2015-12-21,14.97,14.59,14.78
2015-12-18,15.1,14.71,14.91
2015-12-17,14.7,14.39,14.55
2015-12-16,14.59,14.28,14.44
2015-12-15,14.59,14.24,14.42
2015-12-14,14.51,14.14,14.33
2015-12-11,14.58,14.22,14.40
2015-12-10,14.55,14.18,14.37
2015-12-09,15.09,14.68,14.89
2015-12-08,15,14.59,14.80
2015-12-07,15.3,14.89,15.10
2015-12-04,15.48,15.02,15.25
2015-12-03,15.58,15.12,15.35
2015-12-02,15.34,14.88,15.11
2015-12-01,15.44,14.96,15.20
2015-11-30,14.93,14.46,14.70
2015-11-27,14.97,14.56,14.77
2015-11-25,14.91,14.53,14.72
2015-11-24,15,14.64,14.82
2015-11-23,15.41,15.02,15.22
2015-11-20,15.3,14.93,15.12
2015-11-19,14.95,14.57,14.76
2015-11-18,14.47,14.14,14.31
2015-11-17,14.78,14.4,14.59
2015-11-16,15.18,14.79,14.99
2015-11-13,15.04,14.67,14.86
2015-11-12,14.97,14.6,14.79
2015-11-11,14.69,14.34,14.52
2015-11-10,14.71,14.36,14.54
2015-11-09,13.99,13.69,13.84
2015-11-06,14.46,14.13,14.30
2015-11-05,14.76,14.41,14.59
2015-11-04,14.64,14.31,14.48
2015-11-03,15.49,15.05,15.27
2015-11-02,15.11,14.71,14.91
2015-10-30,14.52,14.17,14.35
2015-10-29,14.56,14.17,14.37
2015-10-28,14.65,14.27,14.46
2015-10-27,14.42,14.09,14.26
2015-10-26,14.64,14.25,14.45
2015-10-23,14.28,14.01,14.15
2015-10-22,14.6,14.26,14.43
2015-10-21,14.18,13.96,14.07
2015-10-20,14.06,13.87,13.97
2015-10-19,14.26,14.06,14.16
2015-10-16,14.27,14.05,14.16
2015-10-15,14.13,13.93,14.03
2015-10-14,14.09,13.89,13.99
2015-10-13,13.83,13.65,13.74
2015-10-12,14.24,14.03,14.14
2015-10-09,14.34,14.06,14.20
2015-10-08,14.01,13.77,13.89
2015-10-07,13.98,13.72,13.85
2015-10-06,13.63,13.45,13.54
2015-10-05,13.64,13.45,13.55
2015-10-02,13.53,13.33,13.43
2015-10-01,13.26,13.06,13.16
2015-09-30,12.17,12.88,12.53
2015-09-29,11.76,12.46,12.11
2015-09-28,11.75,12.38,12.07
2015-09-25,11.74,12.41,12.08
2015-09-24,11.19,11.86,11.53
2015-09-23,10.95,11.55,11.25
2015-09-22,10.88,11.57,11.23
2015-09-21,10.93,11.67,11.30
2015-09-18,10.96,11.7,11.33
2015-09-17,11.44,12.22,11.83
2015-09-16,11.47,12.33,11.90
2015-09-15,11.4,12.31,11.86
2015-09-14,11.5,12.38,11.94
2015-09-11,11.66,12.45,12.06
2015-09-10,11.33,12.27,11.80
2015-09-09,11.43,12.39,11.91
2015-09-08,11.07,12.06,11.57
2015-09-04,11.27,12.21,11.74
2015-09-03,11.34,12.25,11.80
2015-09-02,10.73,11.75,11.24
2015-09-01,10.71,11.78,11.25
2015-08-31,10.69,11.77,11.23
2015-08-28,10.97,11.96,11.47
2015-08-27,11.06,11.91,11.49
2015-08-26,10.53,11.58,11.06
2015-08-25,10.6,11.71,11.16
2015-08-24,10.39,11.51,10.95
2015-08-21,10.44,11.6,11.02
2015-08-20,10.62,11.82,11.22
2015-08-19,10.59,11.79,11.19
2015-08-18,10.73,11.94,11.34
2015-08-17,10.63,11.79,11.21
2015-08-14,10.68,11.86,11.27
2015-08-13,10.49,11.73,11.11
2015-08-12,10.54,11.74,11.14
2015-08-11,10.62,11.85,11.24
2015-08-10,10.57,11.85,11.21
2015-08-07,10.66,11.91,11.29
2015-08-06,10.7,11.83,11.27
2015-08-05,10.76,12.01,11.39
2015-08-04,11.01,12.25,11.63
2015-08-03,10.89,12.18,11.54
2015-07-31,11.14,12.4,11.77
2015-07-30,11.27,12.52,11.90
2015-07-29,11.46,12.64,12.05
2015-07-28,11.17,12.42,11.80
2015-07-27,11.24,12.51,11.88
2015-07-24,11.24,12.57,11.91
2015-07-23,11.51,12.83,12.17
2015-07-22,11.38,12.8,12.09
2015-07-21,11.42,12.9,12.16
2015-07-20,11.44,12.92,12.18
2015-07-17,11.96,13.35,12.66
2015-07-16,12.27,13.62,12.95
2015-07-15,12.46,13.75,13.11
2015-07-14,12.64,13.89,13.27
2015-07-13,12.56,13.8,13.18
2015-07-10,12.41,13.65,13.03
2015-07-09,11.9,13.2,12.55
2015-07-08,12.31,13.53,12.92
2015-07-07,12.33,13.57,12.95
2015-07-06,12.48,13.72,13.10
2015-07-02,12.3,13.63,12.97
2015-07-01,12.44,13.67,13.06
2015-06-30,12.28,12.47,12.38
2015-06-29,11.82,12.07,11.95
2015-06-26,11.67,11.95,11.81
2015-06-25,11.52,11.87,11.70
2015-06-24,11.51,12.02,11.77
2015-06-23,11.25,11.77,11.51
2015-06-22,11.48,11.94,11.71
2015-06-19,11.12,11.55,11.34
2015-06-18,11.25,11.69,11.47
2015-06-17,11.35,11.77,11.56
2015-06-16,11.31,11.68,11.50
2015-06-15,11.46,11.83,11.65
2015-06-12,11.72,12.07,11.90
2015-06-11,11.64,12.04,11.84
2015-06-10,12.01,12.33,12.17
2015-06-09,12.07,12.42,12.25
2015-06-08,12.16,12.55,12.36
2015-06-05,12.05,12.42,12.24
2015-06-04,12.12,12.46,12.29
2015-06-03,12.05,12.4,12.23
2015-06-02,12.32,12.65,12.49
2015-06-01,12.25,12.55,12.40
2015-05-29,11.98,12.28,12.13
2015-05-28,11.94,12.27,12.11
2015-05-27,11.87,12.18,12.03
2015-05-26,12.08,12.42,12.25
2015-05-22,12.31,12.66,12.49
2015-05-21,12.49,12.85,12.67
2015-05-20,12.59,12.95,12.77
2015-05-19,12.86,13.21,13.04
2015-05-18,12.78,13.13,12.96
2015-05-15,12.89,13.2,13.05
2015-05-14,12.84,13.2,13.02
2015-05-13,12.96,13.32,13.14
2015-05-12,13.58,13.89,13.74
2015-05-11,13.48,13.81,13.65
2015-05-08,13.42,13.78,13.60
2015-05-07,12.96,13.36,13.16
2015-05-06,12.87,13.25,13.06
2015-05-05,12.75,13.13,12.94
2015-05-04,12.51,12.94,12.73
2015-05-01,12.91,13.33,13.12
2015-04-30,12.98,13.18,13.08
2015-04-29,13.09,13.15,13.12
2015-04-28,13.17,13.22,13.20
2015-04-27,13.31,13.38,13.35
2015-04-24,13.23,13.19,13.21
2015-04-23,13.09,13.03,13.06
2015-04-22,12.66,12.59,12.63
2015-04-21,12.41,12.38,12.40
2015-04-20,12.69,12.67,12.68
2015-04-17,13.24,13.18,13.21
2015-04-16,13.43,13.31,13.37
2015-04-15,13,12.92,12.96
2015-04-14,13.19,13.04,13.12
2015-04-13,13.01,12.85,12.93
2015-04-10,12.83,12.78,12.81
2015-04-09,12.8,12.75,12.78
2015-04-08,12.97,12.89,12.93
2015-04-07,12.77,12.78,12.78
2015-04-06,12.54,12.63,12.59
2015-04-02,12.74,12.8,12.77
2015-04-01,12.32,12.41,12.37
2015-03-31,11.93,12.06,12.00
2015-03-30,11.99,12.16,12.08
2015-03-27,12.13,12.29,12.21
2015-03-26,12.34,12.53,12.44
2015-03-25,12.52,12.69,12.61
2015-03-24,12.45,12.65,12.55
2015-03-23,12.74,12.92,12.83
2015-03-20,12.68,12.85,12.77
2015-03-19,12.62,12.81,12.72
2015-03-18,12.73,12.89,12.81
2015-03-17,12.82,12.93,12.88
2015-03-16,12.9,12.97,12.94
2015-03-13,12.7,12.8,12.75
2015-03-12,13.21,13.36,13.29
2015-03-11,13.14,13.31,13.23
2015-03-10,13.02,13.21,13.12
2015-03-09,13.27,13.47,13.37
2015-03-06,13.44,13.63,13.54
2015-03-05,13.44,13.55,13.50
2015-03-04,13.34,13.53,13.44
2015-03-03,13.45,13.69,13.57
2015-03-02,13.64,13.91,13.78
2015-02-27,13.93,13.77,13.85
2015-02-26,14.08,13.99,14.04
2015-02-25,13.79,13.79,13.79
2015-02-24,14.17,14.15,14.16
2015-02-23,14.31,14.13,14.22
2015-02-20,14.39,14.32,14.36
2015-02-19,14.68,14.64,14.66
2015-02-18,15.09,15.01,15.05
2015-02-17,15.14,15.07,15.11
2015-02-13,14.88,14.84,14.86
2015-02-12,15.04,14.91,14.98
2015-02-11,14.71,14.62,14.67
2015-02-10,14.71,14.69,14.70
2015-02-09,14.82,14.79,14.81
2015-02-06,14.51,14.58,14.55
2015-02-05,14.41,14.52,14.47
2015-02-04,14.45,14.68,14.57
2015-02-03,14.47,14.74,14.61
2015-02-02,14.22,14.49,14.36
2015-01-30,14.79,15.04,14.92
2015-01-29,14.85,15.13,14.99
2015-01-28,15.16,15.46,15.31
2015-01-27,15.16,15.49,15.33
2015-01-26,15.35,15.68,15.52
2015-01-23,15.17,15.49,15.33
2015-01-22,15.91,16.16,16.04
2015-01-21,15.92,16.11,16.02
2015-01-20,15.83,15.99,15.91
2015-01-16,15.33,15.57,15.45
2015-01-15,15.35,15.56,15.46
2015-01-14,14.93,15.19,15.06
2015-01-13,14.87,15.14,15.01
2015-01-12,14.76,15.04,14.90
2015-01-09,14.91,15.2,15.06
2015-01-08,14.88,15.19,15.04
2015-01-07,14.78,15.12,14.95
2015-01-06,14.87,15.19,15.03
2015-01-05,14.26,14.63,14.45
2015-01-02,14.17,14.57,14.37
2014-12-31,14.52,14.92,14.72
2014-12-30,14.61,15.01,14.81
2014-12-29,14.6,14.98,14.79
2014-12-26,14.7,15.07,14.89
2014-12-24,14.76,15.12,14.94
2014-12-23,14.83,15.2,15.02
2014-12-22,14.86,15.23,15.05
2014-12-19,14.98,15.33,15.16
2014-12-18,14.99,15.35,15.17
2014-12-17,14.72,15.1,14.91
2014-12-16,14.71,15.08,14.90
2014-12-15,14.96,15.35,15.16
2014-12-12,14.98,15.37,15.18
2014-12-11,15.15,15.49,15.32
2014-12-10,15.47,15.78,15.63
2014-12-09,15.42,15.74,15.58
2014-12-08,15.3,15.61,15.46
2014-12-05,15.14,15.49,15.32
2014-12-04,15.21,15.59,15.40
2014-12-03,15.09,15.49,15.29
2014-12-02,15.24,15.64,15.44
2014-12-01,15.59,15.95,15.77
2014-11-28,15.59,15.96,15.78
2014-11-26,16.12,16.47,16.30
2014-11-25,16,16.36,16.18
2014-11-24,16,16.38,16.19
2014-11-21,16.09,16.46,16.28
2014-11-20,16.1,16.45,16.28
2014-11-19,15.87,16.23,16.05
2014-11-18,15.71,16.08,15.90
2014-11-17,15.77,16.14,15.96
2014-11-14,15.9,16.22,16.06
2014-11-13,16.01,16.3,16.16
2014-11-12,16.36,16.62,16.49
2014-11-11,16.23,16.5,16.37
2014-11-10,15.66,16.03,15.85
2014-11-07,15.69,16.07,15.88
2014-11-06,15.48,15.89,15.69
2014-11-05,15.51,15.93,15.72
2014-11-04,15.68,16.06,15.87
2014-11-03,15.93,16.23,16.08
2014-10-31,16.04,16.34,16.19
2014-10-30,16.3,16.59,16.45
2014-10-29,16.3,16.6,16.45
2014-10-28,16.13,16.43,16.28
2014-10-27,16.03,16.34,16.19
2014-10-24,16.38,16.65,16.52
2014-10-23,16.16,16.45,16.31
2014-10-22,16.5,16.76,16.63
2014-10-21,16.44,16.73,16.59
2014-10-20,16.68,16.92,16.80
2014-10-17,16.62,16.88,16.75
2014-10-16,16.67,16.91,16.79
2014-10-15,16.5,16.79,16.65
2014-10-14,16.81,17.07,16.94
2014-10-13,16.67,16.96,16.82
2014-10-10,16.55,16.83,16.69
2014-10-09,16.7,16.99,16.85
2014-10-08,16.92,17.14,17.03
2014-10-07,17.03,17.22,17.13
2014-10-06,16.98,17.16,17.07
2014-10-03,16.44,16.7,16.57
2014-10-02,16.05,16.36,16.21
2014-10-01,16.04,16.36,16.20
2014-09-30,15.48,16.45,15.97
2014-09-29,15.66,16.8,16.23
2014-09-26,15.41,16.56,15.99
2014-09-25,14.7,16.08,15.39
2014-09-24,14.62,15.9,15.26
2014-09-23,14.15,15.73,14.94
2014-09-22,14.08,15.64,14.86
2014-09-19,13.5,15.8,14.65
2014-09-18,13.79,15.95,14.87
2014-09-17,13.88,16.25,15.07
2014-09-16,13.55,16.17,14.86
2014-09-15,13.67,16.27,14.97
2014-09-12,13.78,16.32,15.05
2014-09-11,14.36,16.63,15.50
2014-09-10,14.52,16.75,15.64
2014-09-09,14.88,17.08,15.98
2014-09-08,14.94,17.21,16.08
2014-09-05,15,17.23,16.12
2014-09-04,15.13,17.29,16.21
2014-09-03,15.62,17.59,16.61
2014-09-02,15.82,17.73,16.78
2014-08-29,15.49,17.44,16.47
2014-08-28,15.56,17.54,16.55
2014-08-27,15.58,17.5,16.54
2014-08-26,15.71,17.63,16.67
2014-08-25,15.36,17.33,16.35
2014-08-22,15.64,17.51,16.58
2014-08-21,15.99,17.83,16.91
2014-08-20,15.7,17.6,16.65
2014-08-19,15.47,17.37,16.42
2014-08-18,15.68,17.64,16.66
2014-08-15,15.92,17.77,16.85
2014-08-14,15.91,17.75,16.83
2014-08-13,16.02,17.8,16.91
2014-08-12,16.05,17.74,16.90
2014-08-11,16.24,17.83,17.04
2014-08-08,16.14,17.78,16.96
2014-08-07,16.05,17.7,16.88
2014-08-06,16.32,18.01,17.17
2014-08-05,16.13,17.97,17.05
2014-08-04,16.32,18.13,17.23
2014-08-01,16.35,18.2,17.28
2014-07-31,16.46,18.25,17.36
2014-07-30,16.63,18.37,17.50
2014-07-29,16.62,18.34,17.48
2014-07-28,16.94,18.61,17.78
2014-07-25,17.14,18.77,17.96
2014-07-24,17.05,18.67,17.86
2014-07-23,16.96,18.54,17.75
2014-07-22,17.16,18.67,17.92
2014-07-21,17.28,18.68,17.98
2014-07-18,16.97,18.34,17.66
2014-07-17,16.92,18.32,17.62
2014-07-16,17.07,18.55,17.81
2014-07-15,17.21,18.68,17.95
2014-07-14,17.19,18.77,17.98
2014-07-11,17.07,18.86,17.97
2014-07-10,17.29,18.95,18.12
2014-07-09,17.42,18.93,18.18
2014-07-08,17.68,19.15,18.42
2014-07-07,17.51,18.97,18.24
2014-07-03,17.81,19.21,18.51
2014-07-02,17.87,19.28,18.58
2014-07-01,17.8,19.16,18.48
2014-06-30,16.62,18.01,17.32
2014-06-27,16.85,18.32,17.59
2014-06-26,17.57,18.73,18.15
2014-06-25,17.72,18.61,18.17
2014-06-24,17.81,18.69,18.25
2014-06-23,17.85,18.71,18.28
2014-06-20,17.92,18.75,18.34
2014-06-19,17.94,18.69,18.32
2014-06-18,17.53,18.35,17.94
2014-06-17,17.06,17.91,17.49
2014-06-16,17.1,17.97,17.54
2014-06-13,17.04,17.85,17.45
2014-06-12,16.7,17.51,17.11
2014-06-11,16.81,17.62,17.22
2014-06-10,16.97,17.76,17.37
2014-06-09,16.98,17.76,17.37
2014-06-06,16.92,17.72,17.32
2014-06-05,16.83,17.66,17.25
2014-06-04,17.04,17.93,17.49
2014-06-03,17.19,18.09,17.64
2014-06-02,17.18,18.06,17.62
2014-05-30,17.38,18.19,17.79
2014-05-29,17.48,18.31,17.90
2014-05-28,17.11,17.95,17.53
2014-05-27,17.02,17.87,17.45
2014-05-23,17.37,18.19,17.78
2014-05-22,17.38,18.21,17.80
2014-05-21,17.44,18.32,17.88
2014-05-20,17.58,18.38,17.98
2014-05-19,17.77,18.5,18.14
2014-05-16,17.91,18.59,18.25
2014-05-15,18.2,18.86,18.53
2014-05-14,18.25,18.88,18.57
2014-05-13,17.8,18.46,18.13
2014-05-12,17.29,17.98,17.64
2014-05-09,17.2,17.9,17.55
2014-05-08,17.24,17.94,17.59
2014-05-07,17.26,17.96,17.61
2014-05-06,17.2,17.88,17.54
2014-05-05,17.47,18.14,17.81
2014-05-02,17.45,18.11,17.78
2014-05-01,17.8,18.43,18.12
2014-04-30,17.24,17.72,17.48
2014-04-29,17.04,17.57,17.31
2014-04-28,16.94,17.56,17.25
2014-04-25,17.2,17.85,17.53
2014-04-24,17.12,17.74,17.43
2014-04-23,17.42,17.98,17.70
2014-04-22,16.99,17.62,17.31
2014-04-21,16.84,17.53,17.19
2014-04-17,16.66,17.33,17.00
2014-04-16,16.92,17.69,17.31
2014-04-15,16.56,17.47,17.02
2014-04-14,16.59,17.32,16.96
2014-04-11,16.8,17.46,17.13
2014-04-10,17.08,17.68,17.38
2014-04-09,17.04,17.63,17.34
2014-04-08,17.16,17.78,17.47
2014-04-07,16.94,17.51,17.23
2014-04-04,17.35,17.79,17.57
2014-04-03,17.18,17.61,17.40
2014-04-02,16.97,17.44,17.21
2014-04-01,17.18,17.61,17.40
2014-03-31,17.77,18.13,17.95
2014-03-28,17.98,18.27,18.13
2014-03-27,17.87,18.21,18.04
2014-03-26,17.36,17.74,17.55
2014-03-25,16.97,17.36,17.17
2014-03-24,16.84,17.21,17.03
2014-03-21,16.83,17.2,17.02
2014-03-20,17.05,17.39,17.22
2014-03-19,17.32,17.65,17.49
2014-03-18,17.14,17.48,17.31
2014-03-17,17.05,17.4,17.23
2014-03-14,17.25,17.61,17.43
2014-03-13,17.82,18.09,17.96
2014-03-12,17.67,17.92,17.80
2014-03-11,18.03,18.22,18.13
2014-03-10,18.22,18.36,18.29
2014-03-07,18.01,18.21,18.11
2014-03-06,18.32,18.5,18.41
2014-03-05,18.23,18.36,18.30
2014-03-04,17.74,17.94,17.84
2014-03-03,17.8,17.98,17.89
2014-02-28,16.47,17.66,17.07
2014-02-27,17.44,18.07,17.76
2014-02-26,17.29,17.67,17.48
2014-02-25,17.34,17.68,17.51
2014-02-24,17.41,17.68,17.55
2014-02-21,16.72,17.07,16.90
2014-02-20,16.33,16.69,16.51
2014-02-19,16.46,16.85,16.66
2014-02-18,16.16,16.5,16.33
2014-02-14,15.63,15.99,15.81
2014-02-13,15.66,16.04,15.85
2014-02-12,15.81,16.11,15.96
2014-02-11,15.46,15.73,15.60
2014-02-10,15.64,15.93,15.79
2014-02-07,15.73,16.02,15.88
2014-02-06,15.85,16.12,15.99
2014-02-05,16.1,16.38,16.24
2014-02-04,16.06,16.32,16.19
2014-02-03,15.74,15.94,15.84
2014-01-31,15.55,15.76,15.66
2014-01-30,14.99,15.2,15.10
2014-01-29,14.74,14.95,14.85
2014-01-28,15.02,15.23,15.13
2014-01-27,14.8,15.03,14.92
2014-01-24,15.11,15.29,15.20
2014-01-23,15.04,15.26,15.15
2014-01-22,15.03,15.25,15.14
2014-01-21,15.22,15.41,15.32
2014-01-17,15.22,15.4,15.31
2014-01-16,15.45,15.62,15.54
2014-01-15,15.23,15.42,15.33
2014-01-14,15.49,15.66,15.58
2014-01-13,15.6,15.74,15.67
2014-01-10,15.57,15.72,15.65
2014-01-09,15.48,15.64,15.56
2014-01-08,15.74,15.93,15.84
2014-01-07,16.06,16.22,16.14
2014-01-06,16.08,16.25,16.17
2014-01-03,16.08,16.24,16.16
2014-01-02,16.29,16.44,16.37
2013-12-31,16.41,16.56,16.49
2013-12-30,16.38,16.52,16.45
2013-12-27,16.43,16.56,16.50
2013-12-26,16.29,16.43,16.36
2013-12-24,16.21,16.35,16.28
2013-12-23,16.23,16.36,16.30
2013-12-20,16.45,16.56,16.51
2013-12-19,16.15,16.29,16.22
2013-12-18,15.89,16.03,15.96
2013-12-17,15.96,16.1,16.03
2013-12-16,16.27,16.39,16.33
2013-12-13,16.27,16.4,16.34
2013-12-12,16.3,16.44,16.37
2013-12-11,16.51,16.65,16.58
2013-12-10,16.62,16.77,16.70
2013-12-09,16.55,16.68,16.62
2013-12-06,16.59,16.72,16.66
2013-12-05,16.69,16.8,16.75
2013-12-04,16.68,16.8,16.74
2013-12-03,16.81,16.94,16.88
2013-12-02,16.97,17.09,17.03
2013-11-29,17.15,17.24,17.20
2013-11-27,17.22,17.32,17.27
2013-11-26,17.3,17.38,17.34
2013-11-25,17.32,17.4,17.36
2013-11-22,17.4,17.47,17.44
2013-11-21,17.51,17.58,17.55
2013-11-20,17.6,17.6,17.60
2013-11-19,17.65,17.59,17.62
2013-11-18,17.75,17.67,17.71
2013-11-15,17.55,17.5,17.53
2013-11-14,17.64,17.55,17.60
2013-11-13,17.8,17.69,17.75
2013-11-12,17.87,17.75,17.81
2013-11-11,17.97,17.84,17.91
2013-11-08,18.08,17.95,18.02
2013-11-07,18.04,17.91,17.98
2013-11-06,18.1,17.97,18.04
2013-11-05,18.26,18.09,18.18
2013-11-04,18.32,18.16,18.24
2013-11-01,18.25,18.1,18.18
2013-10-31,18.32,18.19,18.26
2013-10-30,18.32,18.21,18.27
2013-10-29,18.45,18.31,18.38
2013-10-28,18.91,18.73,18.82
2013-10-25,19.03,18.85,18.94
2013-10-24,18.97,18.79,18.88
2013-10-23,19.28,19.05,19.17
2013-10-22,19.45,19.18,19.32
2013-10-21,19.42,19.16,19.29
2013-10-18,19.5,19.22,19.36
2013-10-17,19,18.84,18.92
2013-10-16,19.01,18.86,18.94
2013-10-15,18.7,18.59,18.65
2013-10-14,19.05,18.91,18.98
2013-10-11,18.93,18.8,18.87
2013-10-10,18.72,18.61,18.67
2013-10-09,18.59,18.47,18.53
2013-10-08,18.62,18.52,18.57
2013-10-07,18.59,18.48,18.54
2013-10-04,18.48,18.37,18.43
2013-10-03,18.52,18.4,18.46
2013-10-02,18.51,18.38,18.45
2013-10-01,18.32,18.23,18.28
2013-09-30,17.48,18.14,17.81
2013-09-27,16.87,17.74,17.31
2013-09-26,17.51,18.19,17.85
2013-09-25,17.62,18.19,17.91
2013-09-24,17.42,17.93,17.68
2013-09-23,17.25,17.76,17.51
2013-09-20,17.18,17.74,17.46
2013-09-19,17.17,17.74,17.46
2013-09-18,16.89,17.48,17.19
2013-09-17,16.79,17.4,17.10
2013-09-16,16.94,17.53,17.24
2013-09-13,17.09,17.68,17.39
2013-09-12,17.18,17.73,17.46
2013-09-11,17.17,17.64,17.41
2013-09-10,17.18,17.63,17.41
2013-09-09,17.01,17.49,17.25
2013-09-06,16.79,17.3,17.05
2013-09-05,16.51,17.08,16.80
2013-09-04,16.38,16.96,16.67
2013-09-03,16.47,17.03,16.75
2013-08-30,16.34,16.88,16.61
2013-08-29,16.37,16.89,16.63
2013-08-28,16.44,16.93,16.69
2013-08-27,16.46,16.95,16.71
2013-08-26,16.61,17.11,16.86
2013-08-23,16.47,16.99,16.73
2013-08-22,16.28,16.83,16.56
2013-08-21,16.32,16.9,16.61
2013-08-20,16.47,17.07,16.77
2013-08-19,16.53,17.1,16.82
2013-08-16,16.94,17.48,17.21
2013-08-15,17.19,17.68,17.44
2013-08-14,17.25,17.74,17.50
2013-08-13,17.25,17.73,17.49
2013-08-12,17.16,17.68,17.42
2013-08-09,16.98,17.54,17.26
2013-08-08,16.82,17.4,17.11
2013-08-07,16.78,17.39,17.09
2013-08-06,16.55,17.16,16.86
2013-08-05,16.56,17.18,16.87
2013-08-02,16.79,17.38,17.09
2013-08-01,16.83,17.36,17.10
2013-07-31,16.97,17.47,17.22
2013-07-30,16.93,17.45,17.19
2013-07-29,16.92,17.43,17.18
2013-07-26,16.47,17.06,16.77
2013-07-25,16.39,17.03,16.71
2013-07-24,16.14,16.84,16.49
2013-07-23,16.34,17.02,16.68
2013-07-22,16.4,17.09,16.75
2013-07-19,16.29,16.98,16.64
2013-07-18,16.18,16.9,16.54
2013-07-17,16.08,16.78,16.43
2013-07-16,16,16.76,16.38
2013-07-15,16.16,16.92,16.54
2013-07-12,16.06,16.85,16.46
2013-07-11,16.1,16.9,16.50
2013-07-10,16.25,17.05,16.65
2013-07-09,16.34,17.14,16.74
2013-07-08,16.33,17.15,16.74
2013-07-05,16.26,17.09,16.68
2013-07-03,16.42,17.25,16.84
2013-07-02,16.53,17.4,16.97
2013-07-01,16.69,17.56,17.13
2013-06-28,16.38,16.92,16.65
2013-06-27,16.47,17.01,16.74
2013-06-26,17.01,17.33,17.17
2013-06-25,17.07,17.34,17.21
2013-06-24,17.01,17.14,17.08
2013-06-21,16.74,16.93,16.84
2013-06-20,16.38,16.66,16.52
2013-06-19,16.97,17.29,17.13
2013-06-18,16.76,17.06,16.91
2013-06-17,16.93,17.25,17.09
2013-06-14,16.78,17.09,16.94
2013-06-13,16.24,16.53,16.39
2013-06-12,16.21,16.57,16.39
2013-06-11,16.29,16.67,16.48
2013-06-10,16.38,16.75,16.57
2013-06-07,16.43,16.77,16.60
2013-06-06,16.48,16.75,16.62
2013-06-05,16.38,16.7,16.54
2013-06-04,16.38,16.74,16.56
2013-06-03,16.43,16.8,16.62
2013-05-31,16.55,16.9,16.73
2013-05-30,16.65,16.93,16.79
2013-05-29,16.67,16.96,16.82
2013-05-28,16.72,17.04,16.88
2013-05-24,16.84,17.19,17.02
2013-05-23,16.76,17.1,16.93
2013-05-22,16.65,17.02,16.84
2013-05-21,16.86,17.22,17.04
2013-05-20,16.81,17.13,16.97
2013-05-17,16.89,17.21,17.05
2013-05-16,16.83,17.17,17.00
2013-05-15,16.95,17.3,17.13
2013-05-14,17.02,17.4,17.21
2013-05-13,17.25,17.63,17.44
2013-05-10,17.43,17.79,17.61
2013-05-09,17.47,17.84,17.66
2013-05-08,17.47,17.83,17.65
2013-05-07,17.64,18,17.82
2013-05-06,17.81,18.14,17.98
2013-05-03,17.53,17.89,17.71
2013-05-02,17.6,17.97,17.79
2013-05-01,17.33,17.72,17.53
2013-04-30,17.67,17.6,17.64
2013-04-29,17.49,17.45,17.47
2013-04-26,17.36,17.42,17.39
2013-04-25,17.41,17.38,17.40
2013-04-24,17.4,17.37,17.39
2013-04-23,17.74,17.67,17.71
2013-04-22,17.87,17.74,17.81
2013-04-19,17.97,17.88,17.93
2013-04-18,17.69,17.61,17.65
2013-04-17,17.85,17.79,17.82
2013-04-16,18.01,17.87,17.94
2013-04-15,17.79,17.55,17.67
2013-04-12,18.03,17.84,17.94
2013-04-11,17.84,17.79,17.82
2013-04-10,17.9,17.88,17.89
2013-04-09,17.72,17.72,17.72
2013-04-08,17.7,17.69,17.70
2013-04-05,17.65,17.67,17.66
2013-04-04,17.67,17.69,17.68
2013-04-03,17.5,17.58,17.54
2013-04-02,17.59,17.66,17.63
2013-04-01,17.69,17.72,17.71
2013-03-28,17.66,17.7,17.68
2013-03-27,17.85,17.82,17.84
2013-03-26,17.78,17.82,17.80
2013-03-25,17.97,18,17.99
2013-03-22,18.2,18.21,18.21
2013-03-21,18.21,18.27,18.24
2013-03-20,18.35,18.42,18.39
2013-03-19,18.31,18.39,18.35
2013-03-18,18.29,18.33,18.31
2013-03-15,18.89,18.85,18.87
2013-03-14,18.84,18.8,18.82
2013-03-13,18.8,18.75,18.78
2013-03-12,18.82,18.75,18.79
2013-03-11,18.82,18.79,18.81
2013-03-08,18.75,18.61,18.68
2013-03-07,18.77,18.63,18.70
2013-03-06,18.2,18.17,18.19
2013-03-05,18.19,18.25,18.22
2013-03-04,18.08,18.15,18.12
2013-03-01,17.91,18.02,17.97
2013-02-28,18.38,18.39,18.39
2013-02-27,17.84,18.08,17.96
2013-02-26,17.79,18.05,17.92
2013-02-25,18.01,18.09,18.05
2013-02-22,18.24,18.15,18.20
2013-02-21,18.12,17.9,18.01
2013-02-20,18.35,18.13,18.24
2013-02-19,18.22,17.96,18.09
2013-02-15,18,17.74,17.87
2013-02-14,17.94,17.77,17.86
2013-02-13,18.23,18.2,18.22
2013-02-12,18.08,18.07,18.08
2013-02-11,18.44,18.46,18.45
2013-02-08,18.14,18.2,18.17
2013-02-07,18.16,18.2,18.18
2013-02-06,18.19,18.22,18.21
2013-02-05,18.56,18.64,18.60
2013-02-04,18.73,18.77,18.75
2013-02-01,18.89,18.93,18.91
2013-01-31,18.78,18.84,18.81
2013-01-30,18.71,18.74,18.73
2013-01-29,18.38,18.44,18.41
2013-01-28,18.73,18.72,18.73
2013-01-25,18.38,18.42,18.40
2013-01-24,18.49,18.46,18.48
2013-01-23,18.5,18.53,18.52
2013-01-22,18.12,18.24,18.18
2013-01-18,18.37,18.52,18.45
2013-01-17,18.42,18.6,18.51
2013-01-16,18.45,18.68,18.57
2013-01-15,18.62,18.87,18.75
2013-01-14,18.9,19.14,19.02
2013-01-11,19.17,19.36,19.27
2013-01-10,18.96,19.21,19.09
2013-01-09,18.72,18.98,18.85
2013-01-08,18.67,18.94,18.81
2013-01-07,18.86,19.08,18.97
2013-01-04,18.85,19,18.93
2013-01-03,19.1,19.23,19.17
2013-01-02,19.69,19.76,19.73
2012-12-31,19.51,19.6,19.56
2012-12-28,19.42,19.53,19.48
2012-12-27,19.45,19.58,19.52
2012-12-26,19.05,19.22,19.14
2012-12-24,19.02,19.17,19.10
2012-12-21,19.25,19.4,19.33
2012-12-20,19.25,19.36,19.31
2012-12-19,19.23,19.34,19.29
2012-12-18,19.39,19.52,19.46
2012-12-17,19.41,19.5,19.46
2012-12-14,19.01,19.13,19.07
2012-12-13,18.54,18.7,18.62
2012-12-12,18.54,18.71,18.63
2012-12-11,18.88,19.02,18.95
2012-12-10,18.76,18.91,18.84
2012-12-07,19.21,19.35,19.28
2012-12-06,19.36,19.44,19.40
2012-12-05,19.57,19.59,19.58
2012-12-04,19.44,19.42,19.43
2012-12-03,19.75,19.74,19.75
2012-11-30,19.34,19.38,19.36
2012-11-29,19.34,19.39,19.37
2012-11-28,19.16,19.21,19.19
2012-11-27,19.23,19.28,19.26
2012-11-26,19.15,19.19,19.17
2012-11-23,19.14,19.17,19.16
2012-11-21,19.64,19.6,19.62
2012-11-20,19.9,19.85,19.88
2012-11-19,19.94,19.87,19.91
2012-11-16,19.15,19.18,19.17
2012-11-15,19.04,19.09,19.07
2012-11-14,19.24,19.29,19.27
2012-11-13,19.35,19.42,19.39
2012-11-12,19.36,19.38,19.37
2012-11-09,19.06,19.13,19.10
2012-11-08,18.84,18.96,18.90
2012-11-07,18.95,19.08,19.02
2012-11-06,19.59,19.64,19.62
2012-11-05,19.33,19.32,19.33
2012-11-02,19.45,19.4,19.43
2012-11-01,19.38,19.32,19.35
2012-10-31,19.46,19.4,19.43
2012-10-30,19.56,19.47,19.52
2012-10-29,19.41,19.32,19.37
2012-10-26,19.35,19.29,19.32
2012-10-25,19.53,19.44,19.49
2012-10-24,19.68,19.59,19.64
2012-10-23,19.65,19.55,19.60
2012-10-22,20.06,19.96,20.01
2012-10-19,20.23,20.14,20.19
2012-10-18,19.79,19.73,19.76
2012-10-17,20.11,20.06,20.09
2012-10-16,20.17,20.08,20.13
2012-10-15,19.85,19.79,19.82
2012-10-12,20.05,20,20.03
2012-10-11,20.45,20.38,20.42
2012-10-10,21.26,21.23,21.25
2012-10-09,21.47,21.35,21.41
2012-10-08,21.42,21.34,21.38
2012-10-05,21.54,21.48,21.51
2012-10-04,21.6,21.56,21.58
2012-10-03,21.58,21.52,21.55
2012-10-02,21.59,21.5,21.55
2012-10-01,21.13,21.09,21.11
2012-09-28,19.58,20.42,20.00
2012-09-27,19.6,20.39,20.00
2012-09-26,19.57,20.38,19.98
2012-09-25,19.86,20.72,20.29
2012-09-24,19.5,20.27,19.89
2012-09-21,19.38,20.07,19.73
2012-09-20,19.21,19.91,19.56
2012-09-19,18.96,19.69,19.33
2012-09-18,19.44,20.15,19.80
2012-09-17,20.03,20.78,20.41
2012-09-14,19.91,20.77,20.34
2012-09-13,19.71,20.43,20.07
2012-09-12,19.72,20.41,20.07
2012-09-11,19.44,20.16,19.80
2012-09-10,19.43,20.1,19.77
2012-09-07,19.38,19.91,19.65
2012-09-06,18.87,19.52,19.20
2012-09-05,19.01,19.73,19.37
2012-09-04,19.34,20.11,19.73
2012-08-31,19.78,20.51,20.15
2012-08-30,19.75,20.44,20.10
2012-08-29,19.76,20.37,20.07
2012-08-28,20.13,20.74,20.44
2012-08-27,19.56,20.25,19.91
2012-08-24,19.58,20.29,19.94
2012-08-23,19.59,20.33,19.96
2012-08-22,19.94,20.6,20.27
2012-08-21,19.78,20.53,20.16
2012-08-20,20.5,21.17,20.84
2012-08-17,20.18,20.9,20.54
2012-08-16,20.15,20.93,20.54
2012-08-15,20.29,20.98,20.64
2012-08-14,20.32,20.9,20.61
2012-08-13,20.39,20.9,20.65
2012-08-10,20.74,21.23,20.99
2012-08-09,20.8,21.28,21.04
2012-08-08,21.09,21.6,21.35
2012-08-07,21.42,21.91,21.67
2012-08-06,21.83,22.29,22.06
2012-08-03,22,22.44,22.22
2012-08-02,22.04,22.48,22.26
2012-08-01,22.56,22.93,22.75
2012-07-31,22.64,22.9,22.77
2012-07-30,22.8,23.06,22.93
2012-07-27,22.52,22.9,22.71
2012-07-26,22.5,22.92,22.71
2012-07-25,23.57,23.84,23.71
2012-07-24,23.49,23.73,23.61
2012-07-23,23.89,23.96,23.93
2012-07-20,23.92,23.98,23.95
2012-07-19,23.25,23.58,23.42
2012-07-18,22.95,23.33,23.14
2012-07-17,22.79,23.18,22.99
2012-07-16,22.77,23.22,23.00
2012-07-13,22.73,23.2,22.97
2012-07-12,22.46,22.93,22.70
2012-07-11,22.88,23.29,23.09
2012-07-10,22.49,23.03,22.76
2012-07-09,22.7,23.1,22.90
2012-07-06,22.25,22.62,22.44
2012-07-05,21.92,22.33,22.13
2012-07-03,21.98,22.22,22.10
2012-07-02,21.4,21.77,21.59
2012-06-29,21.81,21.01,21.41
2012-06-28,21.21,20.53,20.87
2012-06-27,21.42,20.95,21.19
2012-06-26,20.53,20.23,20.38
2012-06-25,20.3,19.93,20.12
2012-06-22,20.24,19.75,20.00
2012-06-21,21.39,20.79,21.09
2012-06-20,21.74,20.97,21.36
2012-06-19,21.57,20.79,21.18
2012-06-18,20.86,19.99,20.43
2012-06-15,20.84,20.01,20.43
2012-06-14,19.97,19.51,19.74
2012-06-13,19.92,19.68,19.80
2012-06-12,20.36,19.98,20.17
2012-06-11,20.47,20.15,20.31
2012-06-08,19.98,19.94,19.96
2012-06-07,19.76,19.75,19.76
2012-06-06,19.9,19.98,19.94
2012-06-05,19.06,19.37,19.22
2012-06-04,18.9,19.29,19.10
2012-06-01,19.09,19.46,19.28
2012-05-31,19.42,19.78,19.60
2012-05-30,19.48,19.83,19.66
2012-05-29,19.53,19.92,19.73
2012-05-25,19.62,20.06,19.84
2012-05-24,19.58,20.03,19.81
2012-05-23,19.51,19.98,19.75
2012-05-22,19.8,20.2,20.00
2012-05-21,20.38,20.73,20.56
2012-05-18,20.47,20.8,20.64
2012-05-17,20.86,21.18,21.02
2012-05-16,20.73,21.06,20.90
2012-05-15,20.4,20.79,20.60
2012-05-14,20.27,20.65,20.46
2012-05-11,20.22,20.62,20.42
2012-05-10,20.45,20.83,20.64
2012-05-09,20.38,20.79,20.59
2012-05-08,20.37,20.81,20.59
2012-05-07,21.05,21.38,21.22
2012-05-04,20.81,21.18,21.00
2012-05-03,20.65,21.07,20.86
2012-05-02,20.55,20.99,20.77
2012-05-01,20.95,21.39,21.17
2012-04-30,21.17,21.12,21.15
2012-04-27,21.22,21.21,21.22
2012-04-26,21.32,21.25,21.29
2012-04-25,22.04,21.8,21.92
2012-04-24,22,21.61,21.81
2012-04-23,21.91,21.54,21.73
2012-04-20,21.93,21.55,21.74
2012-04-19,22.05,21.77,21.91
2012-04-18,22.34,22.01,22.18
2012-04-17,23.02,22.57,22.80
2012-04-16,22.9,22.31,22.61
2012-04-13,23.37,22.81,23.09
2012-04-12,24.22,23.52,23.87
2012-04-11,23.95,23.22,23.59
2012-04-10,23.87,23.16,23.52
2012-04-09,24.43,23.61,24.02
2012-04-05,24.58,23.7,24.14
2012-04-04,24.42,23.54,23.98
2012-04-03,24.25,23.46,23.86
2012-04-02,24.58,23.78,24.18
2012-03-30,24.71,23.82,24.27
2012-03-29,24.6,23.68,24.14
2012-03-28,24.26,23.41,23.84
2012-03-27,24.3,23.48,23.89
2012-03-26,24.78,23.81,24.30
2012-03-23,25.63,24.5,25.07
2012-03-22,25.91,24.72,25.32
2012-03-21,25.33,24.2,24.77
2012-03-20,25.61,24.56,25.09
2012-03-19,25.66,24.55,25.11
2012-03-16,25.41,24.27,24.84
2012-03-15,25.5,24.32,24.91
2012-03-14,24.44,23.48,23.96
2012-03-13,24.13,23.21,23.67
2012-03-12,23.77,22.88,23.33
2012-03-09,23.66,22.78,23.22
2012-03-08,23.96,22.98,23.47
2012-03-07,23.92,23.07,23.50
2012-03-06,24.05,23.26,23.66
2012-03-05,24.68,23.93,24.31
2012-03-02,24.96,24.23,24.60
2012-03-01,24.85,24.2,24.53
2012-02-29,25.66,25.01,25.34
2012-02-28,26.09,25.33,25.71
2012-02-27,26.5,25.55,26.03
2012-02-24,26.19,25.22,25.71
2012-02-23,25.94,24.86,25.40
2012-02-22,25.76,24.71,25.24
2012-02-21,25.35,24.47,24.91
2012-02-17,24.62,23.77,24.20
2012-02-16,24.59,23.73,24.16
2012-02-15,24.49,23.57,24.03
2012-02-14,24.25,23.38,23.82
2012-02-13,24.64,23.79,24.22
2012-02-10,24.67,23.8,24.24
2012-02-09,24.53,23.71,24.12
2012-02-08,24.48,23.64,24.06
2012-02-07,24.4,23.58,23.99
2012-02-06,24.5,23.74,24.12
2012-02-03,23.94,23.25,23.60
2012-02-02,23.48,22.9,23.19
2012-02-01,23.59,23.07,23.33
2012-01-31,23.64,23.09,23.37
2012-01-30,23.85,23.29,23.57
2012-01-27,24.21,23.67,23.94
2012-01-26,24.73,24.17,24.45
2012-01-25,24.51,23.99,24.25
2012-01-24,24.89,24.27,24.58
2012-01-23,24.96,24.31,24.64
2012-01-20,24.89,24.2,24.55
2012-01-19,24.61,23.92,24.27
2012-01-18,24,23.46,23.73
2012-01-17,23.86,23.33,23.60
2012-01-13,23.84,23.33,23.59
2012-01-12,23.27,22.84,23.06
2012-01-11,23.69,23.26,23.48
2012-01-10,23.32,22.91,23.12
2012-01-09,23.34,22.95,23.15
2012-01-06,23.29,22.9,23.10
2012-01-05,23.13,22.72,22.93
2012-01-04,24.42,23.94,24.18
2012-01-03,24.51,23.96,24.24
2011-12-30,23.3,22.95,23.13
2011-12-29,23.51,23.15,23.33
2011-12-28,23.13,22.74,22.94
2011-12-27,23.61,23.14,23.38
2011-12-23,23.59,23.09,23.34
2011-12-22,23.44,22.98,23.21
2011-12-21,23.32,22.92,23.12
2011-12-20,23.49,23.04,23.27
2011-12-19,23.09,22.74,22.92
2011-12-16,23.08,22.69,22.89
2011-12-15,22.75,22.4,22.58
2011-12-14,22.8,22.36,22.58
2011-12-13,23.44,23.05,23.25
2011-12-12,23.29,22.88,23.09
2011-12-09,23.4,22.96,23.18
2011-12-08,24.13,23.69,23.91
2011-12-07,23.05,22.76,22.91
2011-12-06,24.18,23.75,23.97
2011-12-05,24.08,23.7,23.89
2011-12-02,23.45,23.09,23.27
2011-12-01,23.59,23.28,23.44
2011-11-30,23.69,23.33,23.51
2011-11-29,23.49,23.06,23.28
2011-11-28,23.12,22.8,22.96
2011-11-25,22.9,22.53,22.72
2011-11-23,23.09,22.7,22.90
2011-11-22,23.44,23.02,23.23
2011-11-21,24.09,23.58,23.84
2011-11-18,23.97,23.49,23.73
2011-11-17,24.04,23.58,23.81
2011-11-16,24.52,23.98,24.25
2011-11-15,24.81,24.16,24.49
2011-11-14,24.75,24.13,24.44
2011-11-11,25,24.39,24.70
2011-11-10,25.39,24.77,25.08
2011-11-09,25.36,24.76,25.06
2011-11-08,25.91,25.23,25.57
2011-11-07,25.32,24.73,25.03
2011-11-04,25.57,24.78,25.18
2011-11-03,25.65,24.92,25.29
2011-11-02,25.42,24.78,25.10
2011-11-01,25.34,24.8,25.07
2011-10-31,25.77,25.16,25.47
2011-10-28,26.15,25.49,25.82
2011-10-27,26.86,26.05,26.46
2011-10-26,26.35,25.6,25.98
2011-10-25,26.94,26.1,26.52
2011-10-24,27.1,26.24,26.67
2011-10-21,26.48,25.67,26.08
2011-10-20,26.8,25.97,26.39
2011-10-19,26.97,26.09,26.53
2011-10-18,27.85,26.81,27.33
2011-10-17,27.79,26.74,27.27
2011-10-14,27.93,26.87,27.40
2011-10-13,26.91,26.02,26.47
2011-10-12,26.01,25.2,25.61
2011-10-11,25.94,25.1,25.52
2011-10-10,26.28,25.43,25.86
2011-10-07,25.16,24.42,24.79
2011-10-06,24.64,23.97,24.31
2011-10-05,24.8,24.09,24.45
2011-10-04,24.69,24.03,24.36
2011-10-03,24.85,24.14,24.50
2011-09-30,26.34,25.29,25.82
2011-09-29,26.85,25.87,26.36
2011-09-28,25.68,24.3,24.99
2011-09-27,26.04,24.7,25.37
2011-09-26,25.09,24.28,24.69
2011-09-23,24.84,24.13,24.49
2011-09-22,25.67,24.81,25.24
2011-09-21,26.83,25.91,26.37
2011-09-20,27.59,26.79,27.19
2011-09-19,27.83,26.71,27.27
2011-09-16,27.52,26.31,26.92
2011-09-15,29.5,28.18,28.84
2011-09-14,29.7,28.12,28.91
2011-09-13,29.41,27.96,28.69
2011-09-12,29.57,28.18,28.88
2011-09-09,29.05,27.64,28.35
2011-09-08,28.73,27.79,28.26
2011-09-07,28.41,27.78,28.10
2011-09-06,28.29,27.57,27.93
2011-09-02,29.18,28.36,28.77
2011-09-01,29.59,28.73,29.16
2011-08-31,29.68,28.88,29.28
2011-08-30,29.62,28.74,29.18
2011-08-29,29.89,28.98,29.44
2011-08-26,30.22,29.33,29.78
2011-08-25,29.66,28.82,29.24
2011-08-24,30.18,29.17,29.68
2011-08-23,30.82,29.72,30.27
2011-08-22,30.79,29.61,30.20
2011-08-19,30.96,29.68,30.32
2011-08-18,29.12,28.3,28.71
2011-08-17,29.49,28.69,29.09
2011-08-16,28.04,27.2,27.62
2011-08-15,27.48,26.64,27.06
2011-08-12,27.84,26.99,27.42
2011-08-11,28.08,26.89,27.49
2011-08-10,27.62,26.32,26.97
2011-08-09,27.49,26.23,26.86
2011-08-08,26.98,25.95,26.47
2011-08-05,27.54,26.54,27.04
2011-08-04,27.79,26.81,27.30
2011-08-03,27.69,26.74,27.22
2011-08-02,28.16,27.25,27.71
2011-08-01,28.97,27.91,28.44
2011-07-29,29.81,28.51,29.16
2011-07-28,29.92,28.66,29.29
2011-07-27,31.13,29.8,30.47
2011-07-26,30.94,29.65,30.30
2011-07-25,30.74,29.49,30.12
2011-07-22,31.34,29.9,30.62
2011-07-21,29.85,28.72,29.29
2011-07-20,28.92,28.04,28.48
2011-07-19,28.78,27.9,28.34
2011-07-18,28.94,27.9,28.42
2011-07-15,28.97,27.89,28.43
2011-07-14,29.02,28.07,28.55
2011-07-13,30.24,29.06,29.65
2011-07-12,30.49,29.41,29.95
2011-07-11,28.92,28.07,28.50
2011-07-08,29.36,28.41,28.89
2011-07-07,29.52,28.42,28.97
2011-07-06,27.68,27,27.34
2011-07-05,27.6,26.94,27.27
2011-07-01,27.25,26.5,26.88
2011-06-30,28.36,26.34,27.35
2011-06-29,29.28,26.92,28.10
2011-06-28,29.28,27.01,28.15
2011-06-27,27.8,25.91,26.86
2011-06-24,27.54,26,26.77
2011-06-23,27.58,26.08,26.83
2011-06-22,27.23,26,26.62
2011-06-21,27.49,26.26,26.88
2011-06-20,27.47,26.21,26.84
2011-06-17,26.37,25.38,25.88
2011-06-16,25.92,24.93,25.43
2011-06-15,25.08,24.15,24.62
2011-06-14,25.15,24.23,24.69
2011-06-13,25.59,24.38,24.99
2011-06-10,25.64,24.54,25.09
2011-06-09,24.84,23.99,24.42
2011-06-08,24.95,23.91,24.43
2011-06-07,24.35,23.5,23.93
2011-06-06,23.59,23.25,23.42
2011-06-03,23.95,23.61,23.78
2011-06-02,23.52,23.38,23.45
2011-06-01,22.46,22.36,22.41
2011-05-31,23.18,22.99,23.09
2011-05-27,22.99,22.86,22.93
2011-05-26,22.69,22.47,22.58
2011-05-25,22.64,22.3,22.47
2011-05-24,21.91,21.68,21.80
2011-05-23,21.51,21.24,21.38
2011-05-20,22.41,22.07,22.24
2011-05-19,21.82,21.61,21.72
2011-05-18,22.85,22.27,22.56
2011-05-17,21.93,21.62,21.78
2011-05-16,21.77,21.42,21.60
2011-05-13,21.45,21.44,21.45
2011-05-12,21.33,21.51,21.42
2011-05-11,20.94,21.19,21.07
2011-05-10,21.87,21.99,21.93
2011-05-09,20.96,21.12,21.04
2011-05-06,20.47,20.81,20.64
2011-05-05,20.86,21.1,20.98
2011-05-04,21.35,21.75,21.55
2011-05-03,22.05,22.39,22.22
2011-05-02,21.87,22.32,22.10
2011-04-29,23.38,22.25,22.82
2011-04-28,23.92,22.51,23.22
2011-04-27,24.55,22.96,23.76
2011-04-26,24.94,23.24,24.09
2011-04-25,25.07,23.4,24.24
2011-04-21,25.48,23.8,24.64
2011-04-20,25.2,23.53,24.37
2011-04-19,24.27,22.62,23.45
2011-04-18,24.4,22.79,23.60
2011-04-15,24.59,22.97,23.78
2011-04-14,24.44,23.06,23.75
2011-04-13,24.79,23.65,24.22
2011-04-12,25.58,24.37,24.98
2011-04-11,26.04,24.84,25.44
2011-04-08,25.66,24.88,25.27
2011-04-07,26.5,25.27,25.89
2011-04-06,26.71,24.97,25.84
2011-04-05,27.55,25.62,26.59
2011-04-04,28,25.93,26.97
2011-04-01,27.44,25.4,26.42
2011-03-31,27.11,25.04,26.08
2011-03-30,27.21,25.23,26.22
2011-03-29,27.02,24.93,25.98
2011-03-28,27.05,24.96,26.01
2011-03-25,27.86,25.62,26.74
2011-03-24,27.45,25.31,26.38
2011-03-23,26.58,24.65,25.62
2011-03-22,27.16,25.25,26.21
2011-03-21,27.48,25.33,26.41
2011-03-18,27.71,25.49,26.60
2011-03-17,26.74,24.6,25.67
2011-03-16,25.85,23.66,24.76
2011-03-15,25.65,23.57,24.61
2011-03-14,27.79,25.6,26.70
2011-03-11,28.86,26.44,27.65
2011-03-10,28.71,26.41,27.56
2011-03-09,30.42,27.77,29.10
2011-03-08,30.7,28.08,29.39
2011-03-07,29.99,27.63,28.81
2011-03-04,29.88,27.45,28.67
2011-03-03,30.59,27.94,29.27
2011-03-02,30.38,27.81,29.10
2011-03-01,29.26,26.93,28.10
2011-02-28,32.51,29.45,30.98
2011-02-25,31.52,28.74,30.13
2011-02-24,30.22,27.83,29.03
2011-02-23,29.94,27.36,28.65
2011-02-22,30.96,28.38,29.67
2011-02-18,31.02,28.42,29.72
2011-02-17,31.26,28.86,30.06
2011-02-16,31.77,29.22,30.50
2011-02-15,30.82,28.21,29.52
2011-02-14,30.91,28.78,29.85
2011-02-11,31.3,29.39,30.35
2011-02-10,32.05,30.19,31.12
2011-02-09,31.5,29.73,30.62
2011-02-08,31.16,29.39,30.28
2011-02-07,32.68,30.63,31.66
2011-02-04,32.64,30.39,31.52
2011-02-03,32.04,29.77,30.91
2011-02-02,35.31,32.76,34.04
2011-02-01,33.96,31.51,32.74
2011-01-31,33.97,31.49,32.73
2011-01-28,33.94,31.29,32.62
2011-01-27,34.18,31.31,32.75
2011-01-26,33.13,30.58,31.86
2011-01-25,31.84,29.54,30.69
2011-01-24,32.31,30,31.16
2011-01-21,32.33,29.98,31.16
2011-01-20,31.31,29.28,30.30
2011-01-19,31.18,29.26,30.22
2011-01-18,31.12,29.3,30.21
2011-01-14,30.89,28.93,29.91
2011-01-13,32.06,29.85,30.96
2011-01-12,32.02,29.89,30.96
2011-01-11,32.75,30.38,31.57
2011-01-10,31.74,29.5,30.62
2011-01-07,31.53,29.15,30.34
2011-01-06,30.24,27.68,28.96
2011-01-05,32.2,29.29,30.75
2011-01-04,31,28.3,29.65
2010-12-31,32.12,29.32,30.72
2010-12-30,30.38,27.68,29.03
2010-12-29,33.83,30.41,32.12
2010-12-28,34.39,30.77,32.58
2010-12-27,33.64,30.04,31.84
2010-12-23,33.98,30.45,32.22
2010-12-22,33.13,29.77,31.45
2010-12-21,33.02,29.55,31.29
2010-12-20,32.96,29.57,31.27
2010-12-17,32.5,29.19,30.85
2010-12-16,31,27.94,29.47
2010-12-15,31.11,28.07,29.59
2010-12-14,30.78,27.71,29.25
2010-12-13,30.49,27.56,29.03
2010-12-10,29.13,26.43,27.78
2010-12-09,28.71,26.01,27.36
2010-12-08,28.98,26.26,27.62
2010-12-07,28.41,25.67,27.04
2010-12-06,29.01,26.23,27.62
2010-12-03,29.5,26.71,28.11
2010-12-02,28.45,25.85,27.15
2010-12-01,28.37,25.71,27.04
2010-11-30,27.55,24.99,26.27
2010-11-29,28.35,25.78,27.07
2010-11-26,28.25,25.72,26.99
2010-11-24,27.95,25.43,26.69
2010-11-23,27.33,24.93,26.13
2010-11-22,26.5,24.15,25.33
2010-11-19,26.15,23.71,24.93
2010-11-18,28.15,25.62,26.89
2010-11-17,26.47,23.91,25.19
2010-11-16,26.31,23.68,25.00
2010-11-15,27.03,24.5,25.77
2010-11-12,26.21,23.89,25.05
2010-11-11,29.66,27.26,28.46
2010-11-10,32.81,30.16,31.49
2010-11-09,33.11,30.3,31.71
2010-11-08,31.88,29.24,30.56
2010-11-05,31.76,29.29,30.53
2010-11-04,31.66,29.24,30.45
2010-11-03,30.15,27.86,29.01
2010-11-02,30.12,27.92,29.02
2010-11-01,29.45,27.25,28.35
2010-10-29,29.12,26.85,27.99
2010-10-28,28.71,26.63,27.67
2010-10-27,28.59,26.28,27.44
2010-10-26,27.96,25.83,26.90
2010-10-25,28.5,26.11,27.31
2010-10-22,28.22,25.6,26.91
2010-10-21,28.35,25.74,27.05
2010-10-20,28.81,26.06,27.44
2010-10-19,28.33,25.47,26.90
2010-10-18,27.58,24.9,26.24
2010-10-15,27.06,24.61,25.84
2010-10-14,27.94,25.23,26.59
2010-10-13,27.5,24.91,26.21
2010-10-12,27.45,24.82,26.14
2010-10-11,26.59,24.34,25.47
2010-10-08,26.32,23.97,25.15
2010-10-07,25.16,23.04,24.10
2010-10-06,23.54,21.84,22.69
2010-10-05,23.74,21.96,22.85
2010-10-04,22.99,21.41,22.20
2010-10-01,23.36,21.56,22.46
2010-09-30,25.3,23.48,24.39
2010-09-29,26.82,24.93,25.88
2010-09-28,26.84,25.29,26.07
2010-09-27,26.09,24.98,25.54
2010-09-24,25.44,24.4,24.92
2010-09-23,24.7,23.62,24.16
2010-09-22,24.31,23.19,23.75
2010-09-21,23.79,22.77,23.28
2010-09-20,24.29,23.08,23.69
2010-09-17,24.61,23.25,23.93
2010-09-16,24.48,23.24,23.86
2010-09-15,23.82,22.73,23.28
2010-09-14,24.36,23.41,23.89
2010-09-13,23.34,22.55,22.95
2010-09-10,22.73,21.71,22.22
2010-09-09,22.43,21.38,21.91
2010-09-08,21.38,20.78,21.08
2010-09-07,21.45,20.96,21.21
2010-09-03,20.6,20.13,20.37
2010-09-02,20.81,20.22,20.52
2010-09-01,20.49,19.96,20.23
2010-08-31,19.75,19.32,19.54
2010-08-30,19.81,19.37,19.59
2010-08-27,19.96,19.37,19.67
2010-08-26,19.27,18.81,19.04
2010-08-25,20.03,19.3,19.67
2010-08-24,20.16,19.25,19.71
2010-08-23,20.07,19.08,19.58
2010-08-20,19.95,18.79,19.37
2010-08-19,19.48,18.62,19.05
2010-08-18,19.6,18.72,19.16
2010-08-17,19.38,18.78,19.08
2010-08-16,18.94,18.47,18.71
2010-08-13,19.42,18.71,19.07
2010-08-12,18.97,18.34,18.66
2010-08-11,18.26,17.92,18.09
2010-08-10,18.56,18.18,18.37
2010-08-09,17.73,17.62,17.68
2010-08-06,18.24,17.95,18.10
2010-08-05,18.29,17.77,18.03
2010-08-04,18.88,18.26,18.57
2010-08-03,18.59,18.03,18.31
2010-08-02,19.4,18.62,19.01
2010-07-30,19.57,18.6,19.09
2010-07-29,19.5,18.51,19.01
2010-07-28,18.87,18.31,18.59
2010-07-27,18.42,18.09,18.26
2010-07-26,18.62,18.26,18.44
2010-07-23,18.26,18.05,18.16
2010-07-22,18.3,18.02,18.16
2010-07-21,17.47,17.68,17.58
2010-07-20,17.28,17.48,17.38
2010-07-19,17.61,17.84,17.73
2010-07-16,17.11,17.47,17.29
2010-07-15,17.39,17.78,17.59
2010-07-14,16.97,17.45,17.21
2010-07-13,17.17,17.68,17.43
2010-07-12,17.1,17.55,17.33
2010-07-09,16.61,16.99,16.80
2010-07-08,17.09,17.4,17.25
2010-07-07,17.06,17.37,17.22
2010-07-06,16.69,17.09,16.89
2010-07-02,16.7,17.1,16.90
2010-07-01,16.28,16.77,16.53
2010-06-30,18.03,16.06,17.05
2010-06-29,17.58,15.28,16.43
2010-06-28,17.19,15.82,16.51
2010-06-25,17.29,16.39,16.84
2010-06-24,16.82,16.19,16.51
2010-06-23,16.25,15.81,16.03
2010-06-22,16.21,15.92,16.07
2010-06-21,16.18,15.96,16.07
2010-06-18,15.58,15.38,15.48
2010-06-17,15.79,15.6,15.70
2010-06-16,16.27,16.05,16.16
2010-06-15,16.18,15.95,16.07
2010-06-14,16.05,15.99,16.02
2010-06-11,15.83,15.84,15.84
2010-06-10,15.36,15.51,15.44
2010-06-09,15.16,15.38,15.27
2010-06-08,14.88,15.09,14.99
2010-06-07,14.33,14.68,14.51
2010-06-04,14.52,14.87,14.70
2010-06-03,13.99,14.45,14.22
2010-06-02,13.94,14.47,14.21
2010-06-01,14.4,14.9,14.65
2010-05-28,14.19,14.69,14.44
2010-05-27,14.92,15.34,15.13
2010-05-26,15.36,15.65,15.51
2010-05-25,15.25,15.58,15.42
2010-05-24,15.19,15.55,15.37
2010-05-21,15.65,15.88,15.77
2010-05-20,14.99,15.34,15.17
2010-05-19,14.93,15.34,15.14
2010-05-18,14.8,15.27,15.04
2010-05-17,13.89,14.44,14.17
2010-05-14,14.13,14.73,14.43
2010-05-13,14.66,15.22,14.94
2010-05-12,14.67,15.23,14.95
2010-05-11,13.91,14.58,14.25
2010-05-10,14.18,14.82,14.50
2010-05-07,13.75,14.4,14.08
2010-05-06,13.67,14.33,14.00
2010-05-05,14.41,15.01,14.71
2010-05-04,14.51,15.14,14.83
2010-05-03,14.98,15.67,15.33
2010-04-30,15.05,15.15,15.10
2010-04-29,15.1,15.29,15.20
2010-04-28,14.63,14.86,14.75
2010-04-27,15.12,15.37,15.25
2010-04-26,15.69,15.85,15.77
2010-04-23,15.66,15.75,15.71
2010-04-22,16.07,16.14,16.11
2010-04-21,16.55,16.69,16.62
2010-04-20,16.46,16.6,16.53
2010-04-19,16.91,17.05,16.98
2010-04-16,15.95,16.18,16.07
2010-04-15,16.85,17.08,16.97
2010-04-14,17.53,17.68,17.61
2010-04-13,16.98,17.23,17.11
2010-04-12,16.54,16.85,16.70
2010-04-09,16.39,16.76,16.58
2010-04-08,15.92,16.32,16.12
2010-04-07,16.16,16.52,16.34
2010-04-06,15.89,16.23,16.06
2010-04-05,16.4,16.72,16.56
2010-04-01,16.7,16.87,16.79
2010-03-31,16.59,16.51,16.55
2010-03-30,17.88,17.77,17.83
2010-03-29,17.51,17.38,17.45
2010-03-26,17,16.86,16.93
2010-03-25,17.05,16.97,17.01
2010-03-24,17.67,17.49,17.58
2010-03-23,16.57,16.45,16.51
2010-03-22,17.84,17.62,17.73
2010-03-19,18.64,18.31,18.48
2010-03-18,19.03,18.51,18.77
2010-03-17,18.33,17.87,18.10
2010-03-16,18.24,17.69,17.97
2010-03-15,19.39,18.66,19.03
2010-03-12,19.67,18.87,19.27
2010-03-11,19.27,18.5,18.89
2010-03-10,19.69,18.9,19.30
2010-03-09,20.32,19.34,19.83
2010-03-08,21.57,20.42,21.00
2010-03-05,22.19,20.78,21.49
2010-03-04,21.67,20.33,21.00
2010-03-03,22.05,20.45,21.25
2010-03-02,22.64,20.94,21.79
2010-03-01,22.26,20.98,21.62
2010-02-26,24.13,23.6,23.87
2010-02-25,24.45,23.7,24.08
2010-02-24,25.11,24.4,24.76
2010-02-23,24.37,23.68,24.03
2010-02-22,24.79,24.12,24.46
2010-02-19,26.8,25.96,26.38
2010-02-18,26.47,25.8,26.14
2010-02-17,26.12,25.57,25.85
2010-02-16,27.36,26.78,27.07
2010-02-12,26.95,26.33,26.64
2010-02-11,27.53,26.9,27.22
2010-02-10,26.64,25.93,26.29
2010-02-09,27.07,26.2,26.64
2010-02-08,26.6,25.77,26.19
2010-02-05,26.17,25.37,25.77
2010-02-04,27.64,26.75,27.20
2010-02-03,28.58,27.66,28.12
2010-02-02,29.4,28.38,28.89
2010-02-01,29.28,28.24,28.76
2010-01-29,29.9,28.6,29.25
2010-01-28,29,27.96,28.48
2010-01-27,28.36,27.36,27.86
2010-01-26,29.3,28.17,28.74
2010-01-25,29.8,28.5,29.15
2010-01-22,28.78,27.6,28.19
2010-01-21,29.26,28.02,28.64
2010-01-20,29.11,27.79,28.45
2010-01-19,28.98,27.52,28.25
2010-01-15,27.62,26.38,27.00
2010-01-14,27.76,26.52,27.14
2010-01-13,28.04,26.77,27.41
2010-01-12,27.36,26.04,26.70
2010-01-11,26.75,25.65,26.20
2010-01-08,27.53,26.25,26.89
2010-01-07,28,26.7,27.35
2010-01-06,28.41,26.88,27.65
2010-01-05,27.64,26.1,26.87
2010-01-04,27.62,25.94,26.78
