indice_tiempo,precio_futuro_londres_marzo,precio_futuro_londres_mayo,precio_futuro_londres_agosto,precio_futuro_londres_octubre,precio_futuro_londres_diciembre,precio_futuro_nueva_york_marzo,precio_futuro_nueva_york_mayo,precio_futuro_nueva_york_julio,precio_futuro_nueva_york_octubre
2013-01-02,528.40,532.50,,,,19.69,19.76,19.89,
2013-01-03,514.60,519.90,,,,19.10,19.23,19.40,
2013-01-04,510.40,515.60,,,,18.85,19.00,19.19,
2013-01-05,,,,,,,,,
2013-01-06,,,,,,,,,
2013-01-07,510.80,517.40,,,,18.86,19.08,19.31,
2013-01-08,505.80,513.00,,,,18.67,18.94,19.22,
2013-01-09,507.00,513.80,,,,18.72,18.98,19.26,
2013-01-10,512.50,519.70,,,,18.96,19.21,19.50,
2013-01-11,514.80,521.50,,,,19.17,19.36,19.63,
2013-01-12,,,,,,,,,
2013-01-13,,,,,,,,,
2013-01-14,507.70,515.60,,,,18.90,19.14,19.46,
2013-01-15,502.00,510.50,,,,18.62,18.87,19.23,
2013-01-16,499.60,507.60,,,,18.45,18.68,19.06,
2013-01-17,497.50,505.00,,,,18.42,18.60,18.92,
2013-01-18,492.00,502.10,,,,18.37,18.52,18.84,
2013-01-19,,,,,,,,,
2013-01-20,,,,,,,,,
2013-01-21,489.80,500.00,,,,,,,
2013-01-22,483.20,495.10,,,,18.12,18.24,18.55,
2013-01-23,489.60,502.10,,,,18.50,18.53,18.79,
2013-01-24,487.30,500.50,,,,18.49,18.46,18.73,
2013-01-25,486.70,499.70,,,,18.38,18.42,18.76,
2013-01-26,,,,,,,,,
2013-01-27,,,,,,,,,
2013-01-28,494.40,505.80,,,,18.73,18.72,19.04,
2013-01-29,487.80,499.40,,,,18.38,18.44,18.77,
2013-01-30,496.80,506.70,,,,18.71,18.74,19.04,
2013-01-31,499.40,509.20,,,,18.78,18.84,19.14,
2013-02-01,502.50,511.60,,,,18.89,18.93,19.21,
2013-02-02,,,,,,,,,
2013-02-03,,,,,,,,,
2013-02-04,498.50,507.60,,,,18.73,18.77,19.00,
2013-02-05,496.80,506.30,,,,18.56,18.64,18.93,
2013-02-06,492.70,496.60,,,,18.19,18.22,18.49,
2013-02-07,492.70,496.60,,,,18.16,18.20,18.46,
2013-02-08,485.40,496.00,,,,18.14,18.20,18.44,
2013-02-09,,,,,,,,,
2013-02-10,,,,,,,,,
2013-02-11,488.50,500.00,,,,18.44,18.46,18.66,
2013-02-12,484.10,493.10,,,,18.08,18.07,18.28,
2013-02-13,497.30,495.50,,,,18.23,18.20,18.41,
2013-02-14,490.40,492.50,,,,17.94,17.77,17.97,
2013-02-15,490.30,491.20,,,,18.00,17.74,17.89,
2013-02-16,,,,,,,,,
2013-02-17,,,,,,,,,
2013-02-18,497.90,496.40,,,,,,,
2013-02-19,495.60,494.70,,,,18.22,17.96,18.07,
2013-02-20,501.20,499.30,,,,18.35,18.13,18.23,
2013-02-21,498.00,496.96,,,,18.12,17.90,18.07,
2013-02-22,505.50,503.10,,,,18.24,18.15,18.31,
2013-02-23,,,,,,,,,
2013-02-24,,,,,,,,,
2013-02-25,505.50,502.00,,,,18.01,18.09,18.31,
2013-02-26,508.80,503.90,,,,17.79,18.05,18.26,
2013-02-27,513.40,505.40,,,,17.84,18.08,18.25,
2013-02-28,519.70,510.80,,,,18.39,18.46,18.90,
2013-03-01,513.90,502.50,,,,17.91,18.02,18.49,
2013-03-02,,,,,,,,,
2013-03-03,,,,,,,,,
2013-03-04,515.60,504.90,,,,18.08,18.15,18.60,
2013-03-05,516.70,506.80,,,,18.19,18.25,18.67,
2013-03-06,518.20,505.40,,,,18.20,18.17,18.58,
2013-03-07,532.60,516.20,,,,18.77,18.63,18.98,
2013-03-08,534.10,517.60,,,,18.75,18.61,18.91,
2013-03-09,,,,,,,,,
2013-03-10,,,,,,,,,
2013-03-11,535.20,520.30,,,,18.82,18.79,19.09,
2013-03-12,534.80,520.80,,,,18.82,18.75,19.04,
2013-03-13,533.90,519.40,,,,18.80,18.75,19.03,
2013-03-14,537.20,521.30,,,,18.84,18.80,19.07,
2013-03-15,539.40,522.40,,,,18.89,18.85,19.12,
2013-03-16,,,,,,,,,
2013-03-17,,,,,,,,,
2013-03-18,,527.40,512.40,,,,18.29,18.33,18.70
2013-03-19,,529.80,513.60,,,,18.31,18.39,18.80
2013-03-20,,530.60,514.80,,,,18.35,18.42,18.83
2013-03-21,,528.40,510.90,,,,18.21,18.27,18.88
2013-03-22,,527.10,509.50,,,,18.20,18.21,18.60
2013-03-23,,520.70,504.80,,,,,,
2013-03-24,,,,,,,,,
2013-03-25,,513.80,499.00,,,,17.97,18.00,18.43
2013-03-26,,513.80,499.00,,,,17.78,17.82,18.28
2013-03-27,,508.40,497.40,,,,,,
2013-03-28,,503.30,494.20,,,,,,
2013-03-29,,,,,,,,,
2013-03-30,,,,,,,,,
2013-03-31,,,,,,,,,
2013-04-01,,,,,,,17.59,17.66,18.10
2013-04-02,,502.40,495.50,,,,17.69,17.72,18.13
2013-04-03,,504.90,492.00,,,,17.50,17.58,18.01
2013-04-04,,504.40,489.90,,,,17.67,17.69,18.06
2013-04-05,,,,,,,17.65,17.67,18.06
2013-04-06,,,,,,,,,
2013-04-07,,,,,,,,,
2013-04-08,,509.30,492.20,,,,17.70,17.69,18.10
2013-04-09,,506.40,491.40,,,,17.72,17.72,18.11
2013-04-10,,509.90,494.70,,,,17.90,17.88,18.24
2013-04-11,,517.50,497.60,,,,17.84,17.79,18.17
2013-04-12,,522.20,501.90,,,,18.03,17.84,18.21
2013-04-13,,,,,,,,,
2013-04-14,,,,,,,,,
2013-04-15,,519.70,497.30,,,,17.79,17.55,17.93
2013-04-16,,505.60,499.10,,,,18.01,17.87,18.20
2013-04-17,,506.90,499.30,,,,17.85,17.79,18.13
2013-04-18,,502.70,495.20,,,,17.69,17.61,17.98
2013-04-19,,508.80,499.70,,,,17.97,17.88,18.23
2013-04-20,,,,,,,,,
2013-04-21,,,,,,,,,
2013-04-22,,504.00,496.60,,,,17.87,17.74,18.08
2013-04-23,,494.80,486.50,,,,17.06,17.07,17.45
2013-04-24,,499.50,491.50,,,,17.40,17.37,17.75
2013-04-25,,498.60,490.80,,,,17.41,17.38,17.75
2013-04-26,,500.50,493.30,,,,17.36,17.42,17.80
2013-04-27,,,,,,,,,
2013-04-28,,,,,,,,,
2013-04-29,,501.70,495.20,,,,17.49,17.45,17.84
2013-04-30,,505.10,498.50,,,,17.60,17.97,18.85
2013-05-01,,500.10,493.90,,,,17.33,17.72,18.62
2013-05-02,,501.20,497.20,,,,17.60,17.97,18.85
2013-05-03,,496.80,494.00,,,,17.53,17.89,18.77
2013-05-04,,,,,,,,,
2013-05-05,,,,,,,,,
2013-05-06,,,,,,,17.81,18.14,19.01
2013-05-07,,,494.00,493.00,,,17.64,18.00,18.89
2013-05-08,,,487.20,489.20,,,17.47,17.83,18.73
2013-05-09,,,486.20,489.60,,,17.47,17.84,18.77
2013-05-10,,,489.20,491.20,,,17.43,17.79,18.70
2013-05-11,,,,,,,,,
2013-05-12,,,,,,,,,
2013-05-13,,,485.10,487.60,,,17.25,17.63,18.57
2013-05-14,,,478.00,481.00,,,17.02,17.40,18.37
2013-05-15,,,477.60,479.20,,,16.95,17.30,18.25
2013-05-16,,,476.20,476.90,,,16.83,17.17,18.11
2013-05-17,,,477.50,477.70,,18.13,,16.89,17.21
2013-05-18,,,,,,,,,
2013-05-19,,,,,,,,,
2013-05-20,,,474.40,473.70,,18.07,,16.81,17.13
2013-05-21,,,476.30,474.90,,18.17,,16.86,17.22
2013-05-22,,,472.90,470.40,,18.01,,16.65,17.02
2013-05-23,,,474.90,471.70,,18.09,,16.76,17.10
2013-05-24,,,476.40,472.80,,18.16,,16.84,17.19
2013-05-25,,,,,,,,,
2013-05-26,,,,,,,,,
2013-05-27,,,476.40,471.60,,,,,
2013-05-28,,,476.60,471.60,,18.01,,16.72,17.04
2013-05-29,,,475.40,469.40,,17.90,,16.68,16.95
2013-05-30,,,478.00,470.00,,17.87,,16.65,16.93
2013-05-31,,,477.30,469.90,,17.86,,16.55,16.90
2013-06-01,,,,,,,,,
2013-06-02,,,,,,,,,
2013-06-03,,,476.10,467.40,,17.77,,16.43,16.80
2013-06-04,,,476.90,468.50,,17.69,,16.38,16.74
2013-06-05,,,477.80,467.30,,17.65,,16.38,16.70
2013-06-06,,,482.50,469.80,,17.65,,16.48,16.75
2013-06-07,,,481.40,471.30,,17.70,,16.38,16.75
2013-06-08,,,,,,,,,
2013-06-09,,,,,,,,,
2013-06-10,,,479.20,469.20,,17.70,,16.43,16.77
2013-06-11,,,476.40,467.20,,17.63,,16.29,16.67
2013-06-12,,,475.10,464.70,,17.53,,16.21,16.57
2013-06-13,,,473.30,463.50,,17.49,,16.24,16.53
2013-06-14,,,484.40,474.90,,17.96,,16.78,17.09
2013-06-15,,,,,,,,,
2013-06-16,,,,,,,,,
2013-06-17,,,492.00,480.80,,18.08,,16.93,17.25
2013-06-18,,,489.40,476.90,,17.89,,16.76,17.06
2013-06-19,,,495.80,481.80,,18.08,,16.97,17.29
2013-06-20,,,488.10,470.50,,17.46,,16.38,16.66
2013-06-21,,,496.50,477.10,,17.69,,16.74,16.93
2013-06-22,,,,,,,,,
2013-06-23,,,,,,,,,
2013-06-24,,,510.90,485.10,,17.86,,17.01,17.14
2013-06-25,,,517.50,491.10,,18.08,,17.07,17.34
2013-06-26,,,517.80,492.60,,18.08,,17.01,17.33
2013-06-27,,,507.80,486.50,,17.83,,16.47,17.01
2013-06-28,,,502.30,484.70,,17.74,,16.38,16.92
2013-06-29,,,,,,,,,
2013-06-30,,,,,,,,,
2013-07-01,,,499.80,481.20,,17.53,,16.69,17.56
2013-07-02,,,495.60,477.50,,17.37,,16.53,17.40
2013-07-03,,,497.40,476.40,,17.22,,16.42,17.25
2013-07-04,,,496.30,475.10,,17.22,,16.42,17.25
2013-07-05,,,496.10,472.80,,17.07,,16.26,17.09
2013-07-06,,,,,,,,,
2013-07-07,,,,,,,,,
2013-07-08,,,496.00,474.70,,17.11,,16.33,17.15
2013-07-09,,,495.20,475.10,,17.10,,16.34,17.14
2013-07-10,,,484.30,470.30,,17.02,,16.25,17.05
2013-07-11,,,478.80,461.90,,16.89,,16.10,16.90
2013-07-12,,,480.00,461.20,,16.86,,16.06,16.85
2013-07-13,,,,,,,,,
2013-07-14,,,,,,,,,
2013-07-15,,,480.30,463.70,,16.91,,16.16,16.92
2013-07-16,,,483.00,460.60,,16.76,16.76,,16.00
2013-07-17,,,,459.70,457.80,16.78,16.74,,16.08
2013-07-18,,,,463.90,460.70,16.90,16.83,,16.18
2013-07-19,,,,467.80,464.40,16.98,16.91,,16.29
2013-07-20,,,,,,,,,
2013-07-21,,,,,,,,,
2013-07-22,,,,472.00,467.30,17.09,17.03,,16.40
2013-07-23,,,,,,17.02,16.96,,16.34
2013-07-24,,,,474.60,467.40,16.84,16.78,,16.14
2013-07-25,,,,477.10,469.10,17.03,16.95,,16.39
2013-07-26,,,,479.80,470.80,17.06,16.96,,16.47
2013-07-27,,,,,,,,,
2013-07-28,,,,,,,,,
2013-07-29,,,,489.10,479.50,17.43,17.29,,16.92
2013-07-30,,,,,,17.45,17.29,,16.93
2013-07-31,,,,489.20,480.00,17.47,17.30,,16.97
2013-08-01,,,,488.30,479.00,17.36,17.23,,16.83
2013-08-02,,,,490.00,480.10,17.38,17.28,,16.79
2013-08-03,,,,,,,,,
2013-08-04,,,,,,,,,
2013-08-05,,,,485.20,475.20,17.18,17.10,,16.56
2013-08-06,,,,488.30,475.60,17.16,17.08,,16.55
2013-08-07,,,,494.30,481.10,17.39,17.32,,16.78
2013-08-08,,,,493.10,481.60,17.40,17.31,,16.82
2013-08-09,,,,497.90,485.10,17.54,17.45,,16.98
2013-08-10,,,,,,,,,
2013-08-11,,,,,,,,,
2013-08-12,,,,500.20,488.80,17.68,17.57,,17.16
2013-08-13,,,,503.20,490.70,17.73,17.61,,17.25
2013-08-14,,,,504.30,491.50,17.74,17.61,,17.25
2013-08-15,,,,504.50,491.50,17.68,17.55,,17.19
2013-08-16,,,,504.30,488.40,17.48,17.38,,16.94
2013-08-17,,,,,,,,,
2013-08-18,,,,,,,,,
2013-08-19,,,,491.40,478.40,17.10,17.02,,16.53
2013-08-20,,,,488.50,476.50,17.07,17.00,,16.47
2013-08-21,,,,483.70,473.00,16.90,16.83,,16.32
2013-08-22,,,,482.20,472.20,16.83,16.75,,16.28
2013-08-23,,,,483.10,474.20,16.99,16.90,,16.47
2013-08-24,,,,,,,,,
2013-08-25,,,,,,,,,
2013-08-26,,,,483.10,474.20,17.11,17.02,,16.61
2013-08-27,,,,477.90,472.20,16.95,16.86,,16.46
2013-08-28,,,,477.90,472.20,16.93,16.84,,16.44
2013-08-29,,,,476.70,471.70,16.89,16.82,,16.37
2013-08-30,,,,477.90,472.40,16.88,16.82,,16.34
2013-08-31,,,,,,,,,
2013-09-01,,,,,,,,,
2013-09-02,,,,477.80,472.40,,,,
2013-09-03,,,,479.00,473.30,17.03,16.94,,16.47
2013-09-04,,,,480.10,472.50,16.96,16.89,,16.38
2013-09-05,,,,484.90,475.50,17.08,17.03,,16.51
2013-09-06,,,,492.80,479.50,17.30,17.23,,16.79
2013-09-07,,,,,,,,,
2013-09-08,,,,,,,,,
2013-09-09,,,,496.10,485.80,17.49,17.39,,17.01
2013-09-10,,,,497.90,490.90,17.63,17.53,,17.18
2013-09-11,,,,497.10,491.90,17.64,17.56,,17.17
2013-09-12,,,,494.50,492.60,17.73,17.65,,17.18
2013-09-13,,,,493.60,492.00,17.68,17.60,,17.09
2013-09-14,,,,,,,,,
2013-09-15,,,,,,,,,
2013-09-16,,,,485.70,480.90,17.53,17.44,,16.94
2013-09-17,,,,,,17.40,17.33,,16.79
2013-09-18,,,,481.10,478.90,17.48,17.41,,16.89
2013-09-19,,,,487.50,484.90,17.74,17.65,,17.17
2013-09-20,,,,486.40,484.20,17.74,17.65,,17.18
2013-09-21,,,,,,,,,
2013-09-22,,,,,,,,,
2013-09-23,484.10,,,,486.00,17.76,17.68,,17.25
2013-09-24,485.70,,,,486.90,17.93,17.82,,17.42
2013-09-25,489.40,,,,490.80,18.19,18.08,,17.62
2013-09-26,488.80,,,,488.60,18.19,18.08,,17.51
2013-09-27,478.80,,,,478.90,17.74,17.67,,16.87
2013-09-28,,,,,,,,,
2013-09-29,,,,,,,,,
2013-09-30,486.60,,,,486.10,18.14,18.07,,17.48
2013-10-01,489.90,,,,488.70,18.23,18.14,,18.32
2013-10-02,493.50,,,,492.20,18.38,18.26,,18.51
2013-10-03,493.20,,,,491.20,18.52,18.40,18.30,
2013-10-04,493.40,,,,492.00,18.48,18.38,18.28,
2013-10-05,,,,,,,,,
2013-10-06,,,,,,,,,
2013-10-07,495.90,,,,497.50,18.59,18.49,18.39,
2013-10-08,495.30,,,,497.40,18.62,18.52,18.44,
2013-10-09,494.00,,,,497.20,18.59,18.47,18.37,
2013-10-10,494.00,,,,497.20,18.72,18.61,18.51,
2013-10-11,502.30,,,,506.70,18.93,18.80,18.68,
2013-10-12,,,,,,,,,
2013-10-13,,,,,,,,,
2013-10-14,504.40,,,,508.10,19.05,18.91,18.78,
2013-10-15,497.20,,,,500.10,18.70,18.59,18.47,
2013-10-16,504.00,,,,506.90,19.01,18.86,18.71,
2013-10-17,504.30,,,,506.30,19.00,18.84,18.69,
2013-10-18,514.50,,,,513.80,19.50,19.22,18.96,
2013-10-19,,,,,,,,,
2013-10-20,,,,,,,,,
2013-10-21,511.90,,,,511.90,19.42,19.16,18.93,
2013-10-22,513.20,,,,513.80,19.45,19.18,18.96,
2013-10-23,510.00,,,,509.00,19.28,19.05,18.87,
2013-10-24,503.40,,,,502.30,18.97,18.79,18.63,
2013-10-25,504.90,,,,503.30,19.03,18.85,18.67,
2013-10-26,,,,,,,,,
2013-10-27,,,,,,,,,
2013-10-28,501.60,,,,499.70,18.91,18.73,18.55,
2013-10-29,491.30,,,,488.80,18.45,18.31,18.16,
2013-10-30,489.00,,,,485.10,18.32,18.21,18.08,
2013-10-31,488.30,,,,483.30,18.32,18.19,18.05,
2013-11-01,485.70,,,,481.30,18.25,18.10,17.93,
2013-11-02,,,,,,,,,
2013-11-03,,,,,,,,,
2013-11-04,486.30,,,,485.60,18.32,18.16,17.99,
2013-11-05,484.50,,,,483.50,18.26,18.09,17.91,
2013-11-06,482.80,,,,480.00,18.10,17.97,17.82,
2013-11-07,480.70,,,,475.10,18.04,17.91,17.76,
2013-11-08,480.30,,,,473.60,18.08,17.95,17.80,
2013-11-09,,,,,,,,,
2013-11-10,,,,,,,,,
2013-11-11,478.20,,,,469.80,17.97,17.84,17.68,
2013-11-12,474.90,,,,464.00,17.87,17.75,17.61,
2013-11-13,471.20,,,,457.50,17.80,17.69,17.56,
2013-11-14,468.10,,,,450.00,17.64,17.55,17.46,
2013-11-15,464.30,,,,452.80,17.55,17.50,17.45,
2013-11-16,,,,,,,,,
2013-11-17,,,,,,,,,
2013-11-18,469.25,474.99,,,,17.66,17.67,17.60,
2013-11-19,469.20,475.00,,,,17.65,17.59,17.55,
2013-11-20,468.30,474.30,,,,17.60,17.60,17.60,
2013-11-21,467.40,474.10,,,,17.51,17.58,17.63,
2013-11-22,464.10,470.60,,,,17.40,17.47,17.52,
2013-11-23,,,,,,,,,
2013-11-24,,,,,,,,,
2013-11-25,462.60,469.10,,,,17.32,17.40,17.45,
2013-11-26,461.50,469.20,,,,17.30,17.38,17.41,
2013-11-27,460.40,467.40,,,,17.22,17.32,17.38,
2013-11-28,461.10,467.30,,,,,,,
2013-11-29,464.00,469.70,,,,17.15,17.24,17.30,
2013-11-30,,,,,,,,,
2013-12-01,,,,,,,,,
2013-12-02,455.00,462.90,,,,16.97,17.09,17.18,
2013-12-03,452.10,460.10,,,,16.81,16.94,17.06,
2013-12-04,450.00,457.20,,,,16.68,16.80,16.92,
2013-12-05,449.90,457.30,,,,16.69,16.80,16.91,
2013-12-06,448.70,456.20,,,,16.59,16.72,16.87,
2013-12-07,,,,,,,,,
2013-12-08,,,,,,,,,
2013-12-09,448.10,455.00,,,,16.55,16.68,16.82,
2013-12-10,451.40,458.30,,,,16.62,16.77,16.90,
2013-12-11,449.10,455.80,,,,16.51,16.55,16.78,
2013-12-12,445.20,452.50,,,,16.30,16.44,16.58,
2013-12-13,443.90,450.50,,,,16.27,16.40,16.53,
2013-12-14,,,,,,,,,
2013-12-15,,,,,,,,,
2013-12-16,443.30,449.90,,,,16.27,16.39,16.53,
2013-12-17,435.80,443.50,,,,15.96,16.10,16.28,
2013-12-18,433.40,441.00,,,,15.89,16.03,16.24,
2013-12-19,438.80,446.70,,,,16.15,16.29,16.45,
2013-12-20,446.50,454.20,,,,16.45,16.56,16.72,
2013-12-21,,,,,,,,,
2013-12-22,,,,,,,,,
2013-12-23,441.70,449.60,,,,,,,
2013-12-24,443.40,451.00,,,,,,,
2013-12-25,,,,,,,,,
2013-12-26,,,,,,16.29,16.43,16.62,
2013-12-27,447.00,454.50,,,,16.43,16.56,16.73,
2013-12-28,,,,,,,,,
2013-12-29,,,,,,,,,
2013-12-30,,,,,,,,,
2013-12-31,,,,,,,,,
2014-01-01,,,,,,,,,
2014-01-02,445.40,452.10,,,,16.29,16.44,16.64,
2014-01-03,440.40,447.40,,,,16.08,16.24,16.46,
2014-01-04,,,,,,,,,
2014-01-05,,,,,,,,,
2014-01-06,,,,,,16.08,16.25,16.47,
2014-01-07,439.50,446.50,,,,16.06,16.22,16.42,
2014-01-08,432.30,439.90,,,,15.74,15.93,16.17,
2014-01-09,425.60,433.90,,,,,,,
2014-01-10,426.40,434.70,,,,15.57,15.72,15.94,
2014-01-11,,,,,,,,,
2014-01-12,,,,,,,,,
2014-01-13,427.50,435.50,,,,15.60,15.74,15.96,
2014-01-14,424.00,432.30,,,,15.49,15.66,15.88,
2014-01-15,416.60,425.90,,,,15.23,15.42,15.68,
2014-01-16,418.50,429.40,,,,15.45,15.62,15.86,
2014-01-17,412.30,423.80,,,,15.22,15.40,15.67,
2014-01-18,,,,,,,,,
2014-01-19,,,,,,,,,
2014-01-20,413.30,424.20,,,,15.22,15.40,15.67,
2014-01-21,408.70,420.70,,,,15.22,15.41,15.69,
2014-01-22,404.50,417.20,,,,15.03,15.25,15.58,
2014-01-23,405.30,417.50,,,,15.04,15.26,15.58,
2014-01-24,407.00,417.90,,,,15.11,15.29,15.58,
2014-01-25,,,,,,,,,
2014-01-26,,,,,,,,,
2014-01-27,402.50,412.80,,,,14.80,15.03,15.37,
2014-01-28,408.50,417.40,,,,15.02,15.23,15.55,
2014-01-29,403.10,411.90,,,,14.74,14.95,15.28,
2014-01-30,409.30,417.40,,,,14.99,15.20,15.53,
2014-01-31,424.00,429.80,,,,15.55,15.76,16.03,
2014-02-01,,,,,,,,,
2014-02-02,,,,,,,,,
2014-02-03,426.70,433.10,,,,15.74,15.94,16.21,
2014-02-04,435.20,440.50,,,,16.06,16.32,16.62,
2014-02-05,439.60,442.30,,,,16.10,16.38,16.65,
2014-02-06,434.80,437.80,,,,15.85,16.12,16.41,
2014-02-07,435.40,436.50,,,,15.73,16.02,16.32,
2014-02-08,,,,,,,,,
2014-02-09,,,,,,,,,
2014-02-10,438.90,434.00,,,,15.64,15.93,16.26,
2014-02-11,438.80,433.80,,,,15.46,15.73,16.07,
2014-02-12,453.60,446.30,,,,15.81,16.11,16.42,
2014-02-13,450.60,443.20,,,,15.66,16.04,16.36,
2014-02-14,,441.50,,,447.30,15.63,15.99,16.31,
2014-02-15,,,,,,,,,
2014-02-16,,,,,,,,,
2014-02-17,,444.20,,,449.90,,,,
2014-02-18,,455.90,,,459.30,16.16,16.50,16.73,
2014-02-19,,462.00,,,466.10,16.46,16.85,17.06,
2014-02-20,,458.40,,,463.70,16.33,16.69,16.94,
2014-02-21,,465.90,,,470.90,16.72,17.07,17.29,
2014-02-22,,,,,,,,,
2014-02-23,,,,,,,,,
2014-02-24,,477.30,,,482.00,17.41,17.68,17.78,
2014-02-25,,476.60,,,481.50,17.34,17.68,17.79,
2014-02-26,,476.00,,,480.80,17.29,17.67,17.73,
2014-02-27,,483.50,,,487.90,17.44,18.07,18.08,
2014-02-28,,476.30,,,482.30,16.47,17.66,17.79,
2014-03-01,,,,,,,,,
2014-03-02,,,,,,,,,
2014-03-03,,477.80,,485.30,,,17.80,17.98,18.31
2014-03-04,,476.50,,484.10,,,17.74,17.94,18.27
2014-03-05,,485.10,,492.80,,,18.23,18.36,18.64
2014-03-06,,485.70,,494.40,,,18.32,18.50,18.79
2014-03-07,,475.40,,486.30,,,18.01,18.21,18.54
2014-03-08,,,,,,,,,
2014-03-09,,,,,,,,,
2014-03-10,,478.10,,488.20,,,18.22,18.36,18.64
2014-03-11,,471.00,,481.60,,,18.03,18.22,18.55
2014-03-12,,461.90,,473.90,,,17.67,17.92,18.28
2014-03-13,,463.70,,477.20,,,17.82,18.09,18.46
2014-03-14,,457.10,,467.50,,,17.25,17.61,18.01
2014-03-15,,,,,,,,,
2014-03-16,,,,,,,,,
2014-03-17,,453.50,,464.20,,,17.05,17.40,17.80
2014-03-18,,456.10,,467.10,,,17.14,17.48,17.88
2014-03-19,,459.60,,470.80,,,17.32,17.65,18.05
2014-03-20,,454.00,,466.70,,,17.05,17.39,17.81
2014-03-21,,448.70,,461.70,,,16.83,17.20,17.65
2014-03-22,,,,,,,,,
2014-03-23,,,,,,,,,
2014-03-24,,450.20,,462.40,,,16.84,17.21,17.66
2014-03-25,,453.60,,465.20,,,16.97,17.36,17.82
2014-03-26,,463.40,,474.50,,,17.36,17.74,18.19
2014-03-27,,477.70,,487.60,,,17.87,18.21,18.62
2014-03-28,,478.00,,488.90,,,17.98,18.27,18.66
2014-03-29,,,,,,,,,
2014-03-30,,,,,,,,,
2014-03-31,,468.70,,481.00,,,17.77,18.13,18.55
2014-04-01,,458.50,473.00,,,,17.18,17.61,18.10
2014-04-02,,453.50,468.80,,,,16.97,17.44,17.94
2014-04-03,,460.20,472.90,,,,17.18,17.61,18.09
2014-04-04,,463.90,476.30,,,,17.35,17.79,18.28
2014-04-05,,,,,,,,,
2014-04-06,,,,,,,,,
2014-04-07,,455.80,469.50,,,,16.94,17.51,18.04
2014-04-08,,460.40,475.40,,,,17.16,17.78,18.30
2014-04-09,,454.70,470.70,,,,17.04,17.63,18.19
2014-04-10,,448.90,470.30,,,,17.08,17.68,18.24
2014-04-11,,436.00,465.90,,,,16.80,17.46,18.07
2014-04-12,,,,,,,,,
2014-04-13,,,,,,,,,
2014-04-14,,423.20,463.70,,,,16.59,17.32,17.96
2014-04-15,,442.20,467.40,,,,16.56,17.47,18.10
2014-04-16,,,470.40,479.40,,,16.92,17.69,18.33
2014-04-17,,,464.00,472.80,,,16.66,17.33,18.02
2014-04-18,,,,,,,,,
2014-04-19,,,,,,,,,
2014-04-20,,,,,,,,,
2014-04-21,,,,,,,16.84,17.53,18.19
2014-04-22,,,472.20,481.80,,,16.99,17.62,18.30
2014-04-23,,,479.80,488.30,,,17.42,17.98,18.60
2014-04-24,,,476.10,484.80,,,17.12,17.74,18.40
2014-04-25,,,477.60,486.00,,,17.20,17.85,18.53
2014-04-26,,,,,,,,,
2014-04-27,,,,,,,,,
2014-04-28,,,471.90,478.90,,,16.94,17.56,18.24
2014-04-29,,,473.40,479.70,,,17.04,17.57,18.24
2014-04-30,,,,,,,17.24,17.72,18.35
2014-05-01,,,478.40,483.50,,,17.80,18.43,19.21
2014-05-02,,,470.50,476.10,,,17.45,18.11,18.89
2014-05-03,,,,,,,,,
2014-05-04,,,,,,,,,
2014-05-05,,,,,,,17.47,18.14,18.92
2014-05-06,,,466.60,471.20,,,17.20,17.88,18.68
2014-05-07,,,468.70,473.70,,,17.26,17.96,18.78
2014-05-08,,,469.20,473.60,,18.74,,17.24,17.94
2014-05-09,,,469.20,473.00,,18.71,,17.20,17.90
2014-05-10,,,,,,,,,
2014-05-11,,,,,,,,,
2014-05-12,,,473.30,475.00,,18.78,,17.29,17.98
2014-05-13,,,485.80,486.30,,19.21,,17.80,18.46
2014-05-14,,,494.40,495.60,,19.58,,18.25,18.88
2014-05-15,,,493.40,495.40,,19.58,,18.20,18.86
2014-05-16,,,488.50,490.60,,19.36,,17.91,18.59
2014-05-17,,,,,,,,,
2014-05-18,,,,,,,,,
2014-05-19,,,482.40,487.00,,,,,
2014-05-20,,,477.70,484.80,,19.23,,17.58,18.38
2014-05-21,,,473.20,481.10,,19.21,,17.44,18.32
2014-05-22,,,469.60,478.20,,19.13,,17.38,18.21
2014-05-23,,,470.90,479.20,,19.07,,17.37,18.19
2014-05-24,,,,,,,,,
2014-05-25,,,,,,,,,
2014-05-26,,,,,,,,,
2014-05-27,,,465.30,473.10,,18.80,,17.02,17.87
2014-05-28,,,467.20,474.90,,18.88,,17.11,17.95
2014-05-29,,,473.00,480.70,,19.19,,17.48,18.31
2014-05-30,,,470.90,478.80,,19.07,,17.38,18.19
2014-05-31,,,,,,,,,
2014-06-01,,,,,,,,,
2014-06-02,,,467.50,475.50,,19.00,,17.18,18.06
2014-06-03,,,467.50,476.30,,19.06,,17.19,18.09
2014-06-04,,,465.40,474.10,,18.98,,17.04,17.93
2014-06-05,,,460.10,468.70,,18.71,,16.83,17.66
2014-06-06,,,460.20,469.40,,18.76,,16.92,17.72
2014-06-07,,,,,,,,,
2014-06-08,,,,,,,,,
2014-06-09,,,459.60,470.50,,18.78,,16.98,17.76
2014-06-10,,,460.50,471.40,,18.79,,16.97,17.76
2014-06-11,,,456.20,467.50,,18.66,,16.81,17.62
2014-06-12,,,455.20,465.70,,18.55,,16.70,17.51
2014-06-13,,,465.20,473.90,,18.89,,17.04,17.85
2014-06-14,,,,,,,,,
2014-06-15,,,,,,,,,
2014-06-16,,,466.80,475.80,,19.02,,17.10,17.97
2014-06-17,,,469.90,476.90,,18.96,,17.06,17.91
2014-06-18,,,482.20,486.50,,19.34,,17.53,18.35
2014-06-19,,,,,,,,,
2014-06-20,,,,,,,,,
2014-06-21,,,,,,,,,
2014-06-22,,,,,,,,,
2014-06-23,,,489.80,493.00,,19.70,,17.85,18.71
2014-06-24,,,490.10,493.40,,19.70,,17.81,18.69
2014-06-25,,,488.00,491.40,,19.66,,17.72,18.61
2014-06-26,,,487.40,493.30,,19.81,,17.57,18.73
2014-06-27,,,481.10,486.00,,19.49,,16.85,18.32
2014-06-28,,,,,,,,,
2014-06-29,,,,,,,,,
2014-06-30,,,472.20,477.90,,19.22,,16.62,18.01
2014-07-01,,,466.10,473.90,,19.16,19.20,,17.80
2014-07-02,,,467.50,474.60,,19.28,19.32,,17.87
2014-07-03,,,470.10,472.70,,19.21,19.29,,17.81
2014-07-04,,,466.20,468.10,,,,,
2014-07-05,,,,,,,,,
2014-07-06,,,,,,,,,
2014-07-07,,,462.00,464.00,,18.97,19.06,,17.51
2014-07-08,,,465.20,467.90,,19.15,19.25,,17.68
2014-07-09,,,459.00,462.40,,18.93,19.05,,17.42
2014-07-10,,,453.50,459.10,,18.95,19.07,,17.29
2014-07-11,,,448.30,454.30,,18.86,19.04,,17.07
2014-07-12,,,,,,,,,
2014-07-13,,,,,,,,,
2014-07-14,,,446.90,455.70,,18.77,18.91,,17.19
2014-07-15,,,449.70,454.30,,18.68,18.82,,17.21
2014-07-16,,,450.20,452.80,,18.55,18.70,,17.07
2014-07-17,,,,450.20,464.30,18.32,18.49,,16.92
2014-07-18,,,,449.60,462.80,18.34,18.47,,16.97
2014-07-19,,,,,,,,,
2014-07-20,,,,,,,,,
2014-07-21,,,,455.80,468.70,18.68,18.78,,17.28
2014-07-22,,,,452.00,466.50,18.67,18.79,,17.16
2014-07-23,,,,447.20,461.90,18.54,18.70,,16.96
2014-07-24,,,,447.60,462.80,18.67,18.83,,17.05
2014-07-25,,,,447.80,463.80,18.77,18.92,,17.14
2014-07-26,,,,,,,,,
2014-07-27,,,,,,,,,
2014-07-28,,,,444.80,460.90,18.61,18.78,,16.94
2014-07-29,,,,440.20,455.80,18.34,18.51,,16.62
2014-07-30,,,,441.30,456.10,18.37,18.56,,16.63
2014-07-31,,,,437.70,452.60,18.25,18.46,,16.46
2014-08-01,,,,435.70,451.40,18.20,18.43,,16.35
2014-08-02,,,,,,,,,
2014-08-03,,,,,,,,,
2014-08-04,,,,434.70,450.10,18.13,18.40,,16.32
2014-08-05,,,,431.70,447.50,17.97,18.29,,16.13
2014-08-06,,,,436.80,451.00,18.01,18.27,,16.32
2014-08-07,,,,430.70,445.00,17.70,17.99,,16.05
2014-08-08,,,,433.30,448.00,17.78,18.08,,16.14
2014-08-09,,,,,,,,,
2014-08-10,,,,,,,,,
2014-08-11,,,,436.20,450.50,17.83,18.13,,16.24
2014-08-12,,,,432.40,447.00,17.74,18.06,,16.05
2014-08-13,,,,432.60,448.40,17.80,18.13,,16.02
2014-08-14,,,,430.60,446.20,17.75,18.06,,15.91
2014-08-15,,,,430.90,447.40,17.77,18.05,,15.92
2014-08-16,,,,,,,,,
2014-08-17,,,,,,,,,
2014-08-18,,,,425.40,442.80,17.64,17.95,,15.68
2014-08-19,,,,420.10,438.00,17.37,17.74,,15.47
2014-08-20,,,,424.90,442.70,17.60,17.99,,15.70
2014-08-21,,,,432.70,448.50,17.83,18.18,,15.99
2014-08-22,,,,425.70,441.10,17.51,17.89,,15.64
2014-08-23,,,,,,,,,
2014-08-24,,,,,,,,,
2014-08-25,,,,425.70,441.10,17.33,17.69,,15.36
2014-08-26,,,,428.70,443.60,17.63,17.99,,15.71
2014-08-27,,,,426.30,440.60,17.50,17.90,,15.58
2014-08-28,,,,425.90,441.80,17.54,17.97,,15.56
2014-08-29,,,,423.10,438.90,17.44,17.88,,15.49
2014-08-30,,,,,,,,,
2014-08-31,,,,,,,,,
2014-09-01,,,,424.60,440.60,,,,
2014-09-02,,,,428.80,445.10,17.73,18.15,,15.82
2014-09-03,,,,425.60,442.60,17.59,18.07,,15.62
2014-09-04,,,,417.60,436.00,17.29,17.83,,15.13
2014-09-05,,,,415.90,433.40,17.23,17.77,,15.00
2014-09-06,,,,,,,,,
2014-09-07,,,,,,,,,
2014-09-08,,,,413.60,431.00,17.21,17.70,,14.94
2014-09-09,,,,405.60,426.80,17.08,17.56,,14.88
2014-09-10,,,,396.60,419.30,16.75,17.21,,14.52
2014-09-11,,,,396.40,417.40,16.63,17.13,,14.36
2014-09-12,,,,389.30,410.90,16.32,16.82,,13.78
2014-09-13,,,,,,,,,
2014-09-14,,,,,,,,,
2014-09-15,,,,402.60,416.40,16.27,16.76,,13.67
2014-09-16,431.20,,,,415.10,16.17,16.66,,13.55
2014-09-17,430.80,,,,417.20,16.25,16.69,,13.88
2014-09-18,425.70,,,,413.60,15.95,16.39,,13.79
2014-09-19,420.30,,,,409.50,15.80,16.23,,13.50
2014-09-20,,,,,,,,,
2014-09-21,,,,,,,,,
2014-09-22,420.00,,,,409.60,15.64,16.08,,14.08
2014-09-23,421.40,,,,412.10,15.73,16.11,,14.15
2014-09-24,424.60,,,,415.50,15.90,16.23,,14.62
2014-09-25,429.50,,,,418.50,16.08,16.35,,14.70
2014-09-26,439.40,,,,428.10,16.56,16.79,,15.41
2014-09-27,,,,,,,,,
2014-09-28,,,,,,,,,
2014-09-29,443.60,,,,432.10,16.80,16.98,,15.66
2014-09-30,434.60,,,,422.30,16.45,16.69,,15.48
2014-10-01,428.60,,,,418.50,16.36,16.67,,16.04
2014-10-02,428.20,,,,419.00,16.36,16.66,,16.05
2014-10-03,428.40,,,,436.60,16.44,16.70,,16.94
2014-10-04,,,,,,,,,
2014-10-05,,,,,,,,,
2014-10-06,434.40,,,,445.70,16.98,17.16,,17.33
2014-10-07,434.40,,,,445.80,17.03,17.22,,17.40
2014-10-08,430.10,,,,441.30,16.92,17.14,,17.37
2014-10-09,425.60,,,,436.10,16.70,16.99,,17.27
2014-10-10,,,,,,16.55,16.83,17.14,
2014-10-11,,,,,,,,,
2014-10-12,,,,,,,,,
2014-10-13,433.50,,,,424.30,16.67,16.96,17.27,
2014-10-14,435.50,,,,426.60,16.81,17.07,17.36,
2014-10-15,428.20,,,,421.10,16.50,16.79,17.10,
2014-10-16,432.60,,,,427.20,16.67,16.91,17.17,
2014-10-17,431.20,,,,426.00,16.62,16.88,17.15,
2014-10-18,,,,,,,,,
2014-10-19,,,,,,,,,
2014-10-20,432.70,,,,427.70,16.68,16.92,17.16,
2014-10-21,427.60,,,,422.10,16.44,16.73,16.99,
2014-10-22,424.40,,,,429.90,16.50,16.76,17.02,
2014-10-23,423.10,,,,424.10,16.16,16.45,16.76,
2014-10-24,429.10,,,,428.80,16.38,16.65,16.91,
2014-10-25,,,,,,,,,
2014-10-26,,,,,,,,,
2014-10-27,421.70,,,,421.50,16.03,16.34,16.63,
2014-10-28,427.80,,,,424.40,16.13,16.43,16.71,
2014-10-29,431.20,,,,428.70,16.30,16.60,16.87,
2014-10-30,426.90,,,,427.60,16.30,16.59,16.85,
2014-10-31,420.20,,,,422.40,16.04,16.34,16.62,
2014-11-01,,,,,,,,,
2014-11-02,,,,,,,,,
2014-11-03,418.80,,,,422.70,15.93,16.23,16.49,
2014-11-04,413.40,,,,416.70,15.68,16.06,16.38,
2014-11-05,410.30,,,,415.00,15.51,15.93,16.27,
2014-11-06,410.50,,,,415.40,15.48,15.89,16.21,
2014-11-07,414.50,,,,418.90,15.69,16.07,16.34,
2014-11-08,,,,,,,,,
2014-11-09,,,,,,,,,
2014-11-10,413.70,,,,420.40,15.66,16.03,16.32,
2014-11-11,425.20,,,,432.10,16.23,16.50,16.69,
2014-11-12,428.80,,,,434.10,16.36,16.62,16.79,
2014-11-13,420.80,,,,424.10,16.01,16.30,16.50,
2014-11-14,418.70,,,,424.90,15.90,16.22,16.43,
2014-11-15,,,,,,,,,
2014-11-16,,,,,,,,,
2014-11-17,416.10,,,424.20,,15.77,16.14,16.38,
2014-11-18,414.60,,,423.00,,15.71,16.08,16.33,
2014-11-19,416.40,,,425.10,,15.87,16.23,16.46,
2014-11-20,421.70,,,430.50,,16.10,16.45,16.66,
2014-11-21,420.70,,,429.30,,16.09,16.46,16.67,
2014-11-22,,,,,,,,,
2014-11-23,,,,,,,,,
2014-11-24,417.70,,,426.80,,16.00,16.38,16.58,
2014-11-25,415.80,,,426.50,,16.00,16.36,16.54,
2014-11-26,418.70,,,429.20,,16.12,16.47,16.63,
2014-11-27,414.50,,,425.00,,,,,
2014-11-28,406.90,,,417.40,,15.59,15.96,16.18,
2014-11-29,,,,,,,,,
2014-11-30,,,,,,,,,
2014-12-01,407.10,,,417.50,,15.59,15.95,16.17,
2014-12-02,400.40,,,411.50,,15.24,15.64,15.91,
2014-12-03,396.30,,,407.20,,15.09,15.49,15.76,
2014-12-04,396.40,,,407.30,,15.21,15.59,15.81,
2014-12-05,395.10,,,406.30,,15.14,15.49,15.72,
2014-12-06,,,,,,,,,
2014-12-07,,,,,,,,,
2014-12-08,397.50,,,408.70,,15.30,15.61,15.82,
2014-12-09,398.90,,,409.70,,15.42,15.74,15.95,
2014-12-10,398.80,,,409.40,,15.47,15.78,15.99,
2014-12-11,393.30,,,404.10,,15.15,15.49,15.75,
2014-12-12,390.40,,,401.50,,14.98,15.37,15.66,
2014-12-13,,,,,,,,,
2014-12-14,,,,,,,,,
2014-12-15,388.70,,,399.40,,14.96,15.35,15.62,
2014-12-16,383.70,,,394.20,,14.71,15.08,15.33,
2014-12-17,384.70,,,395.00,,14.72,15.10,15.36,
2014-12-18,391.20,,,400.80,,14.99,15.35,15.60,
2014-12-19,390.90,,,400.60,,14.98,15.33,15.60,
2014-12-20,,,,,,,,,
2014-12-21,,,,,,,,,
2014-12-22,,,,,,,,,
2014-12-23,390.70,,,399.90,,,,,
2014-12-24,392.00,,,400.90,,,,,
2014-12-25,,,,,,,,,
2014-12-26,,,,,,14.70,15.07,15.39,
2014-12-27,,,,,,,,,
2014-12-28,,,,,,,,,
2014-12-29,386.20,,,395.80,,14.60,14.98,15.31,
2014-12-30,,,,,,14.61,15.01,15.34,
2014-12-31,,,,,,14.52,14.92,15.25,
2015-01-01,,,,,,,,,
2015-01-02,379.10,,,388.20,,14.17,14.57,14.90,
2015-01-03,,,,,,,,,
2015-01-04,,,,,,,,,
2015-01-05,380.50,,,389.40,,14.26,16.63,14.95,
2015-01-06,392.90,,,401.50,,14.87,15.19,15.47,
2015-01-07,389.90,,,398.40,,14.78,15.12,15.42,
2015-01-08,392.20,,,400.10,,14.88,15.19,15.46,
2015-01-09,392.60,,,399.80,,14.91,15.20,15.47,
2015-01-10,,,,,,,,,
2015-01-11,,,,,,,,,
2015-01-12,388.70,,,394.90,,14.76,15.04,15.32,
2015-01-13,391.80,,,397.50,,14.87,15.14,15.40,
2015-01-14,393.40,,,399.50,,14.93,15.19,15.45,
2015-01-15,399.80,,,406.70,,15.35,15.56,15.79,
2015-01-16,398.90,,,406.80,,15.33,15.57,15.81,
2015-01-17,,,,,,,,,
2015-01-18,,,,,,,,,
2015-01-19,397.30,,,405.70,,,,,
2015-01-20,407.30,,,415.00,,15.83,15.99,16.16,
2015-01-21,408.30,,,416.60,,15.92,16.11,16.29,
2015-01-22,407.90,,,416.50,,15.91,16.16,16.37,
2015-01-23,393.40,,,402.50,,15.17,15.49,15.78,
2015-01-24,,,,,,,,,
2015-01-25,,,,,,,,,
2015-01-26,397.80,,,407.00,,15.35,15.68,15.99,
2015-01-27,394.00,,,403.90,,15.16,15.49,15.83,
2015-01-28,391.90,,,402.20,,15.16,15.46,15.79,
2015-01-29,384.60,,,395.30,,14.85,15.13,15.43,
2015-01-30,383.40,,,394.60,,14.79,15.05,15.33,
2015-01-31,,,,,,,,,
2015-02-01,,,,,,,,,
2015-02-02,371.80,,,382.00,,14.22,14.49,14.80,
2015-02-03,377.70,,,386.10,,14.47,14.74,15.02,
2015-02-04,377.70,,,385.10,,14.45,14.68,14.97,
2015-02-05,378.50,,,383.40,,14.41,14.52,14.79,
2015-02-06,381.80,,,383.60,,14.51,14.58,14.79,
2015-02-07,,,,,,,,,
2015-02-08,,,,,,,,,
2015-02-09,386.80,,,389.70,,14.82,14.79,14.94,
2015-02-10,383.80,,,387.80,,14.71,14.69,14.84,
2015-02-11,377.00,,,385.20,,14.71,14.62,14.79,
2015-02-12,383.40,,,391.20,,15.04,14.91,15.07,
2015-02-13,382.80,,,390.30,,14.88,14.84,15.03,
2015-02-14,,,,,,,,,
2015-02-15,,,,,,,,,
2015-02-16,391.00,,,396.80,,14.88,14.84,15.03,
2015-02-17,395.70,,,401.70,,15.14,15.07,15.27,
2015-02-18,395.00,,,400.80,,15.09,15.01,15.20,
2015-02-19,395.00,,,400.80,,14.68,14.64,14.89,
2015-02-20,381.00,,,387.00,,14.39,14.32,14.62,
2015-02-21,,,,,,,,,
2015-02-22,,,,,,,,,
2015-02-23,377.70,,,384.00,,14.31,14.13,14.43,
2015-02-24,378.00,,,383.90,,14.17,14.15,14.43,
2015-02-25,371.60,,,377.50,,13.79,13.79,14.08,
2015-02-26,376.20,,,381.00,,14.08,13.99,14.25,
2015-02-27,371.80,,,376.00,,13.93,13.77,14.05,
2015-02-28,,,,,,,,,
2015-03-01,,,,,,,,,
2015-03-02,370.40,,,373.70,,13.64,13.91,14.63,
2015-03-03,367.10,,,369.60,,13.45,13.69,14.39,
2015-03-04,369.20,,,367.80,,13.34,13.53,14.14,
2015-03-05,372.70,,,370.50,,13.44,13.55,14.10,
2015-03-06,374.20,,,371.70,,13.44,13.63,14.20,
2015-03-07,,,,,,,,,
2015-03-08,,,,,,,,,
2015-03-09,370.80,,,367.90,,13.27,13.47,14.06,
2015-03-10,370.40,,,365.80,,13.02,13.21,13.80,
2015-03-11,371.80,,,367.70,,13.14,13.31,13.87,
2015-03-12,371.10,,,369.50,,13.21,13.36,13.94,
2015-03-13,,,,,,,,,
2015-03-14,,,,,,,,,
2015-03-15,,,,,,,,,
2015-03-16,,,,,,,,,
2015-03-17,,,,,,,,,
2015-03-18,,,,,,,,,
2015-03-19,,,,,,,,,
2015-03-20,,,,,,,,,
2015-03-21,,,,,,,,,
2015-03-22,,,,,,,,,
2015-03-23,,368.90,363.90,,,,12.74,12.92,13.51
2015-03-24,,364.80,359.00,,,,12.45,12.65,13.30
2015-03-25,,364.50,360.10,,,,12.52,12.69,13.34
2015-03-26,,363.20,359.30,,,,12.34,12.53,13.17
2015-03-27,,360.00,355.10,,,,12.13,12.29,12.97
2015-03-28,,,,,,,,,
2015-03-29,,,,,,,,,
2015-03-30,,337.50,353.30,,,,11.99,12.16,12.81
2015-03-31,,335.40,350.90,,,,11.93,12.06,12.68
2015-04-01,,358.10,353.20,,,,12.32,12.41,12.95
2015-04-02,,367.30,360.20,,,,12.74,12.80,13.31
2015-04-03,,,,,,,,,
2015-04-04,,,,,,,,,
2015-04-05,,,,,,,,,
2015-04-06,,367.30,360.20,,,,12.54,12.63,13.20
2015-04-07,,366.80,359.60,,,,12.77,12.78,13.30
2015-04-08,,366.40,364.00,,,,12.97,12.89,13.40
2015-04-09,,363.60,360.80,,,,12.80,12.75,13.26
2015-04-10,,365.60,361.80,,,,12.83,12.78,13.30
2015-04-11,,,,,,,,,
2015-04-12,,,,,,,,,
2015-04-13,,366.90,362.10,,,,13.01,12.85,13.33
2015-04-14,,371.50,364.50,,,,13.19,13.04,13.53
2015-04-15,,370.00,363.00,,,,13.00,12.92,13.38
2015-04-16,,377.70,375.20,,,,13.43,13.31,13.72
2015-04-17,,372.70,371.60,,,,13.24,13.18,13.61
2015-04-18,,,,,,,,,
2015-04-19,,,,,,,,,
2015-04-20,,360.80,362.00,,,,12.69,12.67,13.15
2015-04-21,,357.40,357.50,,,,12.41,12.38,12.90
2015-04-22,,360.40,361.10,,,,12.66,12.59,13.08
2015-04-23,,,368.00,369.00,,,13.09,13.03,13.47
2015-04-24,,,374.70,373.90,,,13.23,13.19,13.62
2015-04-25,,,,,,,,,
2015-04-26,,,,,,,,,
2015-04-27,,,377.80,377.20,,,13.31,13.38,13.83
2015-04-28,,,376.50,375.80,,,13.17,13.22,13.67
2015-04-29,,,374.90,373.80,,,13.09,13.15,13.55
2015-04-30,,,378.20,378.20,,,13.18,13.60,14.71
2015-05-01,,,373.40,370.50,,,12.91,13.33,14.47
2015-05-02,,,,,,,,,
2015-05-03,,,,,,,,,
2015-05-04,,,373.40,370.50,,,12.51,12.94,14.14
2015-05-05,,,372.10,368.90,,,12.75,13.13,14.32
2015-05-06,,,373.50,370.90,,,12.87,13.25,14.45
2015-05-07,,,375.50,372.60,,,12.96,13.36,14.55
2015-05-08,,,382.70,380.00,,,13.48,13.81,14.90
2015-05-09,,,,,,,,,
2015-05-10,,,,,,,,,
2015-05-11,,,383.20,380.40,,,13.58,13.89,14.96
2015-05-12,,,383.30,381.10,,14.46,,12.96,13.32
2015-05-13,,,370.10,369.70,,14.38,,12.84,13.20
2015-05-14,,,370.10,369.10,,14.36,,12.89,13.20
2015-05-15,,,367.80,368.20,,14.33,,12.78,13.13
2015-05-16,,,,,,,,,
2015-05-17,,,,,,,,,
2015-05-18,,,367.00,367.40,,14.39,,12.86,13.21
2015-05-19,,,366.60,367.70,,14.15,,12.59,12.95
2015-05-20,,,360.60,362.00,,,,,
2015-05-21,,,356.90,359.40,,14.06,,12.49,12.85
2015-05-22,,,351.30,354.10,,13.88,,12.31,12.66
2015-05-23,,,,,,,,,
2015-05-24,,,,,,,,,
2015-05-25,,,,,,,,,
2015-05-26,,,347.80,350.40,,13.66,,12.08,12.42
2015-05-27,,,345.70,347.00,,13.53,,11.87,12.18
2015-05-28,,,347.40,348.20,,13.53,,11.94,12.27
2015-05-29,,,349.10,349.10,,13.59,,11.98,12.28
2015-05-30,,,,,,,,,
2015-05-31,,,,,,,,,
2015-06-01,,,353.40,353.90,,13.85,,12.25,12.55
2015-06-02,,,355.00,355.00,,13.92,,12.32,12.65
2015-06-03,,,350.10,350.50,,13.77,,12.05,12.40
2015-06-04,,,351.50,352.30,,13.80,,12.12,12.46
2015-06-05,,,350.70,351.90,,13.75,,12.05,12.42
2015-06-06,,,,,,,,,
2015-06-07,,,,,,,,,
2015-06-08,,,351.20,354.00,,13.88,,12.16,12.55
2015-06-09,,,349.40,351.90,,13.77,,12.07,12.42
2015-06-10,,,349.50,351.20,,13.67,,12.01,12.33
2015-06-11,,,344.80,346.10,,13.42,,11.64,12.04
2015-06-12,,,347.20,348.00,,13.50,,11.72,12.07
2015-06-13,,,,,,,,,
2015-06-14,,,,,,,,,
2015-06-15,,,345.00,344.50,,13.27,,11.46,11.83
2015-06-16,,,344.20,343.10,,13.18,,11.31,11.68
2015-06-17,,,345.40,344.70,,13.29,,11.35,11.77
2015-06-18,,,345.40,343.80,,13.23,,11.25,11.69
2015-06-19,,,348.60,344.10,,11.12,,11.55,13.14
2015-06-20,,,,,,,,,
2015-06-21,,,,,,,,,
2015-06-22,,,357.50,352.40,,11.48,,11.94,13.44
2015-06-23,,,356.60,349.90,,11.25,,11.77,13.30
2015-06-24,,,,,,,,,
2015-06-25,,,,,,,,,
2015-06-26,,,,,,,,,
2015-06-27,,,,,,,,,
2015-06-28,,,,,,,,,
2015-06-29,,,363.70,357.60,,13.41,,11.82,12.07
2015-06-30,,,370.30,364.60,,13.76,,12.28,12.47
2015-07-01,,,370.30,364.60,,13.67,13.73,,12.44
2015-07-02,,,368.30,363.20,,13.63,13.73,,12.30
2015-07-03,,,,,,,,,
2015-07-04,,,,,,,,,
2015-07-05,,,,,,,,,
2015-07-06,,,371.10,365.40,,13.72,13.80,,12.48
2015-07-07,,,375.90,370.20,,13.57,13.64,,12.33
2015-07-08,,,371.40,366.30,,13.53,13.57,,12.31
2015-07-09,,,360.00,353.40,,13.20,13.28,,11.90
2015-07-10,,,372.80,366.10,,13.65,13.68,,12.41
2015-07-11,,,,,,,,,
2015-07-12,,,,,,,,,
2015-07-13,,,373.90,367.20,,13.80,13.82,,12.56
2015-07-14,,,375.10,368.10,,13.89,13.92,,12.64
2015-07-15,,,372.70,364.10,,13.75,13.81,,12.46
2015-07-16,,,369.20,361.50,,13.62,13.71,,12.27
2015-07-17,,,357.40,356.00,,13.35,13.44,,11.96
2015-07-18,,,,,,,,,
2015-07-19,,,,,,,,,
2015-07-20,,,347.90,346.90,,12.92,13.05,,11.44
2015-07-21,,,,348.30,346.30,12.90,13.02,,11.42
2015-07-22,,,,348.00,345.20,12.80,12.92,,11.38
2015-07-23,,,,349.50,346.10,12.83,12.92,,11.51
2015-07-24,,,,346.60,343.00,12.57,12.69,,11.24
2015-07-25,,,,,,,,,
2015-07-26,,,,,,,,,
2015-07-27,,,,349.10,344.70,12.51,12.61,,11.24
2015-07-28,,,,365.10,357.20,12.42,12.51,,11.17
2015-07-29,,,,357.20,350.80,12.64,12.71,,11.46
2015-07-30,,,,353.50,348.30,12.52,12.60,,11.27
2015-07-31,,,,349.40,345.00,12.40,12.50,,11.14
2015-08-01,,,,,,,,,
2015-08-02,,,,,,,,,
2015-08-03,,,,347.10,342.60,12.18,12.28,,10.89
2015-08-04,,,,347.70,342.90,12.25,12.35,,11.01
2015-08-05,,,,343.50,336.60,11.83,11.94,,10.70
2015-08-06,,,,343.50,336.60,11.83,11.94,,10.70
2015-08-07,,,,345.30,339.80,11.91,12.03,,10.66
2015-08-08,,,,,,,,,
2015-08-09,,,,,,,,,
2015-08-10,,,,346.90,339.80,11.85,12.00,,10.57
2015-08-11,,,,352.60,345.30,11.85,12.03,,10.62
2015-08-12,,,,350.10,342.80,11.74,11.93,,10.54
2015-08-13,,,,,,,,,
2015-08-14,,,,,,,,,
2015-08-15,,,,,,,,,
2015-08-16,,,,,,,,,
2015-08-17,,,,,,,,,
2015-08-18,,,,,,,,,
2015-08-19,,,,,,,,,
2015-08-20,,,,333.60,332.90,11.82,11.99,,10.62
2015-08-21,,,,333.70,331.20,11.60,11.77,,10.44
2015-08-22,,,,,,,,,
2015-08-23,,,,,,,,,
2015-08-24,,,,333.60,330.30,11.51,11.67,,10.39
2015-08-25,,,,339.60,335.40,11.71,11.86,,10.60
2015-08-26,,,,334.20,330.80,11.58,11.71,,10.53
2015-08-27,,,,342.90,341.60,11.91,12.02,,11.06
2015-08-28,,,,341.40,340.80,11.96,12.08,,10.97
2015-08-29,,,,,,,,,
2015-08-30,,,,,,,,,
2015-08-31,,,,341.40,340.80,11.77,11.95,,10.69
2015-09-01,,,,336.60,340.20,11.78,11.92,,10.71
2015-09-02,,,,338.00,339.60,11.75,11.88,,10.73
2015-09-03,,,,349.40,352.80,12.25,12.29,,11.34
2015-09-04,,,,347.50,348.60,12.21,12.28,,11.27
2015-09-05,,,,,,,,,
2015-09-06,,,,,,,,,
2015-09-07,,,,347.90,352.10,,,,
2015-09-08,,,,344.60,349.30,12.06,12.19,,11.07
2015-09-09,,,,346.00,351.60,12.39,12.49,,11.43
2015-09-10,,,,338.90,347.50,12.27,12.31,,11.33
2015-09-11,,,,346.10,354.50,12.45,12.44,,11.66
2015-09-12,,,,,,,,,
2015-09-13,,,,,,,,,
2015-09-14,,,,342.60,353.20,12.38,12.36,,11.50
2015-09-15,,,,346.90,355.40,12.31,12.30,,11.40
2015-09-16,353.50,,,,357.50,12.33,12.32,,11.47
2015-09-17,350.30,,,,354.70,12.22,12.18,,11.44
2015-09-18,339.70,,,,343.40,11.70,11.68,,10.98
2015-09-19,,,,,,,,,
2015-09-20,,,,,,,,,
2015-09-21,339.30,,,,341.40,11.67,11.66,,10.93
2015-09-22,337.40,,,,340.30,11.57,11.53,,10.88
2015-09-23,338.00,,,,341.50,11.55,11.49,,10.95
2015-09-24,344.90,,,,348.90,11.86,11.78,,11.19
2015-09-25,355.90,,,,360.00,12.41,12.31,,11.74
2015-09-26,,,,,,,,,
2015-09-27,,,,,,,,,
2015-09-28,355.30,,,,359.80,12.38,12.30,,11.75
2015-09-29,357.00,,,,361.60,12.46,12.38,,11.76
2015-09-30,365.70,,,,370.00,12.80,12.72,,12.87
2015-10-01,373.70,,,,378.40,13.26,13.06,,12.91
2015-10-02,379.50,,,,384.00,13.53,13.33,,13.18
2015-10-03,,,,,,,,,
2015-10-04,,,,,,,,,
2015-10-05,381.80,,,,386.80,13.45,13.33,,13.64
2015-10-06,381.80,,,,385.90,13.63,13.45,13.32,
2015-10-07,387.80,,,,388.70,13.98,13.72,13.49,
2015-10-08,388.20,,,,386.70,14.01,13.77,13.56,
2015-10-09,393.40,,,,392.00,14.34,14.06,13.89,
2015-10-10,,,,,,,,,
2015-10-11,,,,,,,,,
2015-10-12,393.60,,,,393.00,14.24,14.03,13.86,
2015-10-13,383.30,,,,381.40,13.83,13.65,13.51,
2015-10-14,388.20,,,,386.50,14.09,13.89,13.72,
2015-10-15,390.00,,,,388.60,14.13,13.93,13.76,
2015-10-16,392.00,,,,389.50,14.27,14.05,13.85,
2015-10-17,,,,,,,,,
2015-10-18,,,,,,,,,
2015-10-19,391.30,,,,388.70,14.26,14.06,13.89,
2015-10-20,387.00,,,,384.40,14.06,13.87,13.73,
2015-10-21,389.10,,,,386.00,14.18,13.96,13.76,
2015-10-22,395.20,,,,390.90,14.60,14.26,13.99,
2015-10-23,388.30,,,,383.90,14.28,14.01,13.79,
2015-10-24,,,,,,,,,
2015-10-25,,,,,,,,,
2015-10-26,395.60,,,,392.20,14.64,14.25,13.98,
2015-10-27,391.90,,,,388.60,14.42,14.09,13.88,
2015-10-28,397.20,,,,393.60,14.65,14.27,14.06,
2015-10-29,395.80,,,,392.30,14.56,14.17,13.94,
2015-10-30,394.80,,,,391.40,14.52,14.17,13.93,
2015-10-31,,,,,,,,,
2015-11-01,,,,,,,,,
2015-11-02,409.50,,,,407.50,15.11,14.71,14.42,
2015-11-03,418.50,,,,417.70,15.49,15.05,14.68,
2015-11-04,399.40,,,,396.40,14.64,14.31,14.05,
2015-11-05,400.90,,,,395.50,14.76,14.41,14.14,
2015-11-06,393.80,,,,385.80,14.46,14.13,13.88,
2015-11-07,,,,,,,,,
2015-11-08,,,,,,,,,
2015-11-09,384.60,,,,375.70,13.99,13.69,13.49,
2015-11-10,398.70,,,,384.80,14.71,14.36,14.12,
2015-11-11,398.00,,,,383.50,14.69,14.34,14.07,
2015-11-12,402.60,,,,387.70,14.97,14.60,14.29,
2015-11-13,403.50,406.20,,,,15.04,14.67,14.36,
2015-11-14,,,,,,,,,
2015-11-15,,,,,,,,,
2015-11-16,405.30,408.20,,,,15.18,14.79,14.47,
2015-11-17,396.50,399.30,,,,14.78,14.40,14.11,
2015-11-18,390.80,394.10,,,,14.47,14.14,13.92,
2015-11-19,,,,,,,,,
2015-11-20,409.70,411.60,,,,15.30,14.93,14.64,
2015-11-21,,,,,,,,,
2015-11-22,,,,,,,,,
2015-11-23,413.40,414.60,,,,15.41,15.02,14.70,
2015-11-24,405.30,406.80,,,,15.00,14.64,14.35,
2015-11-25,402.80,404.50,,,,14.91,14.53,14.26,
2015-11-26,404.60,406.00,,,,14.97,14.56,14.27,
2015-11-27,404.60,406.00,,,,14.97,14.56,14.27,
2015-11-28,,,,,,,,,
2015-11-29,,,,,,,,,
2015-11-30,403.00,404.10,,,,14.93,14.46,14.16,
2015-12-01,414.00,414.10,,,,15.44,14.96,14.65,
2015-12-02,412.30,412.50,,,,15.34,14.88,14.53,
2015-12-03,417.00,417.20,,,,15.58,15.12,14.77,
2015-12-04,,,,,,14.48,15.02,14.66,
2015-12-05,,,,,,,,,
2015-12-06,,,,,,,,,
2015-12-07,412.40,413.10,,,,15.30,14.89,14.57,
2015-12-08,406.10,406.00,,,,15.00,14.59,14.27,
2015-12-09,408.90,408.60,,,,15.09,14.68,14.35,
2015-12-10,398.20,397.20,,,,14.55,14.18,13.89,
2015-12-11,399.20,397.80,,,,14.58,14.22,13.94,
2015-12-12,,,,,,,,,
2015-12-13,,,,,,,,,
2015-12-14,401.40,399.40,,,,14.51,14.14,13.88,
2015-12-15,401.40,399.40,,,,14.59,14.24,13.97,
2015-12-16,401.50,399.70,,,,14.59,14.28,14.03,
2015-12-17,406.20,404.80,,,,14.70,14.39,14.14,
2015-12-18,413.70,412.10,,,,15.10,14.71,14.41,
2015-12-19,,,,,,,,,
2015-12-20,,,,,,,,,
2015-12-21,411.00,409.10,,,,14.97,14.59,14.28,
2015-12-22,411.60,409.60,,,,15.04,14.65,14.34,
2015-12-23,413.80,412.00,,,,15.15,14.76,14.44,
2015-12-24,414.80,412.80,,,,15.06,14.69,14.40,
2015-12-25,,,,,,,,,
2015-12-26,,,,,,,,,
2015-12-27,,,,,,,,,
2015-12-28,,,,,,14.76,14.40,14.13,
2015-12-29,410.60,408.20,,,,14.78,14.44,14.20,
2015-12-30,419.00,415.10,,,,15.15,14.76,14.48,
2015-12-31,422.20,417.80,,,,15.24,14.92,14.64,
2016-01-01,,,,,,,,,
2016-01-02,,,,,,,,,
2016-01-03,,,,,,,,,
2016-01-04,,,,,,14.97,14.65,14.39,
2016-01-05,,,,,,14.57,14.25,13.99,
2016-01-06,,,,,,14.42,14.12,13.88,
2016-01-07,,,,,,14.75,14.45,14.19,
2016-01-08,419.70,412.70,,,,14.46,14.18,13.94,
2016-01-09,,,,,,,,,
2016-01-10,,,,,,,,,
2016-01-11,414.80,408.40,,,,14.15,13.91,13.70,
2016-01-12,412.50,405.80,,,,14.05,13.78,13.56,
2016-01-13,423.00,414.20,,,,14.47,14.11,13.87,
2016-01-14,428.40,419.90,,,,14.88,14.44,14.17,
2016-01-15,427.20,418.60,,,,14.92,14.48,14.17,
2016-01-16,,,,,,,,,
2016-01-17,,,,,,,,,
2016-01-18,426.80,418.80,,,,,,,
2016-01-19,425.30,417.50,,,,14.75,14.41,14.14,
2016-01-20,417.80,409.00,,,,14.18,13.91,13.69,
2016-01-21,427.20,417.10,,,,14.45,14.16,13.93,
2016-01-22,428.50,417.90,,,,14.42,14.17,13.94,
2016-01-23,,,,,,,,,
2016-01-24,,,,,,,,,
2016-01-25,421.00,412.40,,,,14.10,13.94,13.76,
2016-01-26,419.40,410.40,,,,14.02,13.87,13.72,
2016-01-27,414.70,403.90,,,,13.58,13.55,13.44,
2016-01-28,407.20,396.90,,,,13.25,13.25,13.23,
2016-01-29,407.00,394.00,,,,13.14,13.08,13.05,
2016-01-30,,,,,,,,,
2016-01-31,,,,,,,,,
2016-02-01,402.10,391.40,,,,12.83,12.88,12.90,
2016-02-02,402.80,392.00,,,,12.99,12.97,12.97,
2016-02-03,399.40,388.20,,,,12.89,12.84,12.81,
2016-02-04,392.10,380.00,,,,12.89,12.84,12.76,
2016-02-05,,,,,,13.27,13.14,13.02,
2016-02-06,,,,,,,,,
2016-02-07,,,,,,,,,
2016-02-08,,,,,,13.45,13.35,13.26,
2016-02-09,402.90,392.50,,,,13.39,13.35,13.30,
2016-02-10,400.70,391.20,,,,13.38,13.33,13.31,
2016-02-11,386.10,380.70,,,,13.07,13.02,13.00,
2016-02-12,382.50,378.50,,,,13.15,13.12,13.07,
2016-02-13,,,,,,,,,
2016-02-14,,,,,,,,,
2016-02-15,,380.00,376.80,,,,,,
2016-02-16,,375.10,375.40,,,13.22,13.20,13.17,
2016-02-17,,373.40,373.70,,,13.16,13.15,13.12,
2016-02-18,,369.90,368.30,,,12.78,12.85,12.85,
2016-02-19,,368.40,366.90,,,12.52,12.67,12.75,
2016-02-20,,,,,,,,,
2016-02-21,,,,,,,,,
2016-02-22,,373.20,371.50,,,12.61,12.76,12.81,
2016-02-23,,395.90,392.50,,,14.00,13.90,13.78,
2016-02-24,,398.90,395.00,,,13.97,13.88,13.79,
2016-02-25,,401.10,397.80,,,14.24,14.20,14.07,
2016-02-26,,403.20,399.60,,,13.91,14.00,13.90,
2016-02-27,,,,,,,,,
2016-02-28,,,,,,,,,
2016-02-29,,406.90,403.60,,,14.36,14.20,14.31,
2016-03-01,,407.90,404.30,,,14.39,14.25,14.38,
2016-03-02,,,,,,,,,
2016-03-03,,420.90,416.50,,,,14.84,14.67,14.79
2016-03-04,,423.80,418.70,,,,14.83,14.70,14.83
2016-03-05,,,,,,,,,
2016-03-06,,,,,,,,,
2016-03-07,,421.60,417.00,,,,14.66,14.61,14.77
2016-03-08,,426.10,421.60,,,,14.86,14.78,14.95
2016-03-09,,422.70,418.20,,,,14.63,14.58,14.76
2016-03-10,,426.80,422.40,,,,14.82,14.79,14.98
2016-03-11,,433.40,428.70,,,,15.13,15.06,15.22
2016-03-12,,,,,,,,,
2016-03-13,,,,,,,,,
2016-03-14,,438.50,434.60,,,,15.42,15.33,15.46
2016-03-15,,439.00,434.50,,,,15.32,15.27,15.42
2016-03-16,,443.20,438.30,,,,15.47,15.41,15.54
2016-03-17,,452.70,446.40,,,,15.99,15.91,16.01
2016-03-18,,450.80,445.00,,,,15.97,15.91,16.03
2016-03-19,,,,,,,,,
2016-03-20,,,,,,,,,
2016-03-21,,457.60,451.20,,,,16.29,16.19,16.26
2016-03-22,,463.40,456.40,,,,16.58,16.43,16.47
2016-03-23,,,,,,,16.71,16.59,16.65
2016-03-24,,,,,,,15.87,15.88,16.02
2016-03-25,,,,,,,,,
2016-03-26,,,,,,,,,
2016-03-27,,,,,,,,,
2016-03-28,,454.40,447.60,,,,15.94,16.03,16.18
2016-03-29,,453.20,447.30,,,,15.86,15.94,16.10
2016-03-30,,454.40,448.50,,,,15.87,15.96,16.08
2016-03-31,,444.70,440.20,,,,15.35,15.45,15.61
2016-04-01,,436.80,434.60,,,,15.18,15.27,15.41
2016-04-02,,,,,,,,,
2016-04-03,,,,,,,,,
2016-04-04,,423.20,424.90,,,,14.64,14.82,15.03
2016-04-05,,419.30,424.00,,,,14.64,14.79,14.99
2016-04-06,,419.40,423.10,,,,14.62,14.77,14.96
2016-04-07,,422.30,423.10,,,,14.43,14.61,14.83
2016-04-08,,428.70,430.20,,,,14.69,14.88,15.10
2016-04-09,,,,,,,,,
2016-04-10,,,,,,,,,
2016-04-11,,413.30,418.20,,,,14.15,14.39,14.65
2016-04-12,,411.90,417.20,,,,14.07,14.34,14.60
2016-04-13,,411.80,416.70,,,,14.01,14.29,14.56
2016-04-14,,421.30,418.90,,,,14.13,14.37,14.64
2016-04-15,,440.00,436.50,,,,15.04,15.20,15.41
2016-04-16,,,,,,,,,
2016-04-17,,,,,,,,,
2016-04-18,,,447.60,443.30,,,15.35,15.54,15.74
2016-04-19,,,445.70,441.80,,,15.17,15.42,15.66
2016-04-20,,,456.50,452.90,,,15.57,15.81,16.06
2016-04-21,,,458.20,453.70,,,15.58,15.79,16.05
2016-04-22,,,453.30,448.40,,,15.26,15.47,15.75
2016-04-23,,,,,,,,,
2016-04-24,,,,,,,,,
2016-04-25,,,460.40,455.50,,,15.63,15.89,16.18
2016-04-26,,,464.00,459.30,,,15.77,16.05,16.32
2016-04-27,,,460.80,456.30,,,15.55,15.84,16.17
2016-04-28,,,457.70,453.40,,,15.32,15.71,16.06
2016-04-29,,,467.40,463.40,,,16.16,16.32,16.59
2016-04-30,,,,,,,,,
2016-05-01,,,,,,,,,
2016-05-02,,,467.40,463.40,,,16.21,16.53,17.02
2016-05-03,,,467.90,463.10,,16.99,,16.25,16.53
2016-05-04,,,476.80,472.30,,17.33,,16.65,16.90
2016-05-05,,,461.20,457.20,,16.64,,15.84,16.16
2016-05-06,,,458.40,454.70,,16.60,,15.74,16.09
2016-05-07,,,,,,,,,
2016-05-08,,,,,,,,,
2016-05-09,,,462.70,459.00,,16.78,,15.88,16.26
2016-05-10,,,465.20,461.30,,16.91,,16.02,16.39
2016-05-11,,,479.80,475.60,,17.53,,16.77,17.08
2016-05-12,,,484.14,479.50,,17.60,,16.98,17.21
2016-05-13,,,478.10,474.00,,17.40,,16.74,16.99
2016-05-14,,,,,,,,,
2016-05-15,,,,,,,,,
2016-05-16,,,480.70,476.70,,17.52,,16.89,17.12
2016-05-17,,,479.90,476.50,,17.51,,16.82,17.10
2016-05-18,,,476.80,475.60,,17.52,,16.81,17.08
2016-05-19,,,473.50,473.40,,17.48,,16.70,16.99
2016-05-20,,,481.20,481.00,,17.77,,17.07,17.33
2016-05-21,,,,,,,,,
2016-05-22,,,,,,,,,
2016-05-23,,,472.90,473.90,,17.54,,16.80,17.09
2016-05-24,,,468.70,470.00,,17.45,,16.61,16.96
2016-05-25,,,479.70,481.50,,17.85,,17.16,17.43
2016-05-26,,,,,,18.00,,17.42,17.63
2016-05-27,,,,,,17.95,,17.52,17.68
2016-05-28,,,,,,,,,
2016-05-29,,,,,,,,,
2016-05-30,,,,,,,,,
2016-05-31,,,483.80,485.00,,17.93,,17.49,17.66
2016-06-01,,,481.60,484.00,,17.96,,17.41,17.60
2016-06-02,,,494.80,495.40,,18.30,,18.08,18.10
2016-06-03,,,507.30,507.00,,18.78,,18.75,18.78
2016-06-04,,,,,,,,,
2016-06-05,,,,,,,,,
2016-06-06,,,507.70,508.50,,18.94,,18.78,18.87
2016-06-07,,,513.90,514.10,,19.23,,19.00,19.12
2016-06-08,,,527.70,527.30,,19.73,,19.61,19.66
2016-06-09,,,528.70,528.20,,19.80,,19.74,19.80
2016-06-10,,,529.00,528.60,,19.80,,19.70,19.73
2016-06-11,,,,,,,,,
2016-06-12,,,,,,,,,
2016-06-13,,,527.50,527.10,,19.75,,19.54,19.64
2016-06-14,,,526.10,525.10,,19.56,,19.34,19.42
2016-06-15,,,535.00,534.20,,19.93,,19.76,19.85
2016-06-16,,,532.20,531.40,,19.84,,19.68,19.76
2016-06-17,,,536.00,535.10,,20.02,,19.76,19.90
2016-06-18,,,,,,,,,
2016-06-19,,,,,,,,,
2016-06-20,,,536.40,534.10,,19.89,,19.69,19.76
2016-06-21,,,531.20,527.40,,19.54,,19.24,19.34
2016-06-22,,,530.70,526.20,,19.43,,19.04,19.17
2016-06-23,,,533.70,529.30,,19.47,,19.04,19.19
2016-06-24,,,531.90,528.50,,19.37,,19.00,19.16
2016-06-25,,,,,,,,,
2016-06-26,,,,,,,,,
2016-06-27,,,541.60,537.20,,19.79,,19.48,19.64
2016-06-28,,,548.10,544.70,,20.04,,19.81,19.94
2016-06-29,,,568.20,565.00,,21.02,,20.82,21.01
2016-06-30,,,552.50,551.10,,20.43,,20.15,20.33
2016-07-01,,,564.00,564.00,,19.72,,20.78,20.84
2016-07-02,,,,,,,,,
2016-07-03,,,,,,,,,
2016-07-04,,,564.90,564.00,,,,,
2016-07-05,,,571.70,567.20,,19.87,,20.87,20.94
2016-07-06,,,563.50,559.90,,19.76,,20.57,20.76
2016-07-07,,,547.10,543.60,,19.16,,19.73,20.00
2016-07-08,,,542.70,540.80,,19.08,,19.57,19.81
2016-07-09,,,,,,,,,
2016-07-10,,,,,,,,,
2016-07-11,,,557.80,556.30,,20.45,19.66,,20.28
2016-07-12,,,543.20,544.20,,19.97,19.22,,19.72
2016-07-13,,,533.50,538.80,,19.75,19.06,,19.48
2016-07-14,,,523.70,544.60,,20.09,19.34,,19.91
2016-07-15,,,533.60,531.10,,19.58,18.97,,19.31
2016-07-16,,,,,,,,,
2016-07-17,,,,,,,,,
2016-07-18,,,534.00,531.50,,19.64,19.02,,19.37
2016-07-19,,,535.50,533.40,,19.62,19.02,,19.36
2016-07-20,,,533.90,532.30,,19.56,18.96,,19.28
2016-07-21,,,539.70,538.50,,19.81,19.13,,19.56
2016-07-22,,,537.80,538.60,,19.83,19.17,,19.59
2016-07-23,,,,,,,,,
2016-07-24,,,,,,,,,
2016-07-25,,,537.50,541.00,,20.09,19.31,,19.89
2016-07-26,,,528.50,530.70,,19.76,19.03,,19.52
2016-07-27,,,522.00,524.20,,19.39,18.76,,19.10
2016-07-28,,,518.10,520.50,,19.18,18.59,,18.80
2016-07-29,,,,528.40,529.40,19.44,18.86,,19.05
2016-07-30,,,,,,,,,
2016-07-31,,,,,,,,,
2016-08-01,,,,520.70,522.70,19.24,18.68,,18.81
2016-08-02,,,,528.40,529.60,19.48,18.89,,19.05
2016-08-03,,,,528.40,528.80,19.45,18.88,,19.04
2016-08-04,,,,542.70,541.70,20.07,19.38,,19.70
2016-08-05,,,,551.40,553.50,20.71,20.02,,20.35
2016-08-06,,,,,,,,,
2016-08-07,,,,,,,,,
2016-08-08,,,,553.10,555.70,20.95,20.28,,20.55
2016-08-09,,,,549.40,551.90,20.82,20.21,,20.39
2016-08-10,,,,530.50,533.40,20.11,19.65,,19.64
2016-08-11,,,,532.70,535.90,20.09,19.61,,19.60
2016-08-12,,,,534.10,537.20,20.20,19.70,,19.71
2016-08-13,,,,,,,,,
2016-08-14,,,,,,,,,
2016-08-15,,,,540.30,542.90,20.45,19.92,,19.98
2016-08-16,,,,544.50,547.60,20.21,19.69,,19.72
2016-08-17,,,,530.70,536.00,20.46,19.93,,19.98
2016-08-18,,,,535.60,541.40,20.28,19.82,,19.77
2016-08-19,,,,525.30,533.40,20.28,19.82,,19.77
2016-08-20,,,,,,,,,
2016-08-21,,,,,,,,,
2016-08-22,,,,538.40,545.30,20.88,20.34,,20.42
2016-08-23,,,,542.10,549.60,21.16,20.53,,20.73
2016-08-24,,,,529.90,538.60,20.73,20.15,,20.22
2016-08-25,,,,538.70,546.70,21.02,20.41,,20.55
2016-08-26,,,,540.20,549.10,21.09,20.49,,20.61
2016-08-27,,,,,,,,,
2016-08-28,,,,,,,,,
2016-08-29,,,,540.20,549.10,21.15,20.54,,20.67
2016-08-30,,,,537.50,545.30,21.01,20.42,,20.52
2016-08-31,,,,529.10,537.30,20.06,20.56,,20.04
2016-09-01,,,,530.80,536.70,20.18,19.72,,19.59
2016-09-02,,,,539.00,543.60,20.77,20.25,,20.18
2016-09-03,,,,,,,,,
2016-09-04,,,,,,,,,
2016-09-05,,,,540.20,544.70,,,,
2016-09-06,,,,539.20,546.40,20.85,20.34,,20.22
2016-09-07,,,,538.10,546.70,20.90,20.45,,20.29
2016-09-08,,,,541.40,548.10,20.88,20.45,,20.22
2016-09-09,,,,541.20,544.20,20.69,20.29,,19.99
2016-09-10,,,,,,,,,
2016-09-11,,,,,,,,,
2016-09-12,,,,556.70,549.80,20.85,20.41,,20.24
2016-09-13,,,,560.70,557.40,20.96,20.47,,20.43
2016-09-14,,,,539.50,546.40,20.73,20.27,,20.13
2016-09-15,556.00,,,,553.70,21.16,20.68,,20.48
2016-09-16,583.40,,,,583.40,22.47,21.59,,21.78
2016-09-17,,,,,,,,,
2016-09-18,,,,,,,,,
2016-09-19,588.60,,,,587.40,22.75,21.89,,22.10
2016-09-20,590.10,,,,588.30,22.70,21.94,,22.13
2016-09-21,591.70,,,,590.50,22.76,21.99,,22.20
2016-09-22,592.80,,,,591.70,22.67,21.92,,22.17
2016-09-23,593.90,,,,592.20,22.70,22.03,,22.13
2016-09-24,,,,,,,,,
2016-09-25,,,,,,,,,
2016-09-26,600.70,,,,598.90,23.12,22.37,,22.54
2016-09-27,607.10,,,,605.20,23.44,22.60,,23.02
2016-09-28,612.80,,,,612.00,23.78,22.85,,23.27
2016-09-29,604.50,,,,602.70,23.35,22.48,,22.76
2016-09-30,597.90,,,,597.20,23.00,22.16,,22.53
2016-10-01,,,,,,,,,
2016-10-02,,,,,,,,,
2016-10-03,589.20,,,,588.30,22.67,21.95,21.17,
2016-10-04,598.40,,,,595.50,23.26,22.44,21.56,
2016-10-05,608.60,,,,604.50,23.81,22.91,21.96,
2016-10-06,594.00,,,,590.50,23.11,22.31,21.46,
2016-10-07,601.70,,,,598.70,23.42,22.63,21.82,
2016-10-08,,,,,,,,,
2016-10-09,,,,,,,,,
2016-10-10,595.90,,,,592.30,23.13,22.37,21.62,
2016-10-11,600.10,,,,597.90,23.29,22.49,21.73,
2016-10-12,596.50,,,,594.00,23.15,22.43,21.75,
2016-10-13,593.40,,,,592.70,22.92,22.26,21.64,
2016-10-14,593.40,,,,593.60,22.91,22.24,21.57,
2016-10-15,,,,,,,,,
2016-10-16,,,,,,,,,
2016-10-17,601.10,,,,604.30,23.16,22.46,21.72,
2016-10-18,596.40,,,,597.90,23.02,22.35,21.62,
2016-10-19,593.30,,,,594.10,22.95,22.29,21.58,
2016-10-20,590.00,,,,593.40,22.62,21.99,21.30,
2016-10-21,590.00,,,,593.40,22.71,22.07,21.37,
2016-10-22,,,,,,,,,
2016-10-23,,,,,,,,,
2016-10-24,601.60,,,,605.50,23.20,22.53,21.75,
2016-10-25,593.90,,,,596.40,22.93,22.28,21.54,
2016-10-26,590.80,,,,595.70,22.67,22.11,21.44,
2016-10-27,591.10,,,,596.80,22.59,22.03,21.39,
2016-10-28,582.80,,,,589.50,22.16,21.61,21.00,
2016-10-29,,,,,,,,,
2016-10-30,,,,,,,,,
2016-10-31,571.00,,,,579.40,21.57,21.11,20.56,
2016-11-01,567.20,,,,560.70,21.19,20.80,20.28,
2016-11-02,569.90,,,,574.00,21.70,21.16,20.53,
2016-11-03,564.10,,,,568.20,21.48,21.00,20.40,
2016-11-04,569.90,,,,574.40,21.73,21.19,20.57,
2016-11-05,,,,,,,,,
2016-11-06,,,,,,,,,
2016-11-07,579.40,,,,580.70,22.27,21.65,20.93,
2016-11-08,574.00,,,,576.10,21.97,21.34,20.58,
2016-11-09,577.70,,,,582.30,22.11,21.55,20.85,
2016-11-10,568.90,,,,575.00,21.65,21.07,20.34,
2016-11-11,570.50,,,,575.00,21.70,21.07,20.28,
2016-11-12,,,,,,,,,
2016-11-13,,,,,,,,,
2016-11-14,567.30,,,,569.00,21.63,20.96,20.11,
2016-11-15,554.70,,,,560.30,21.15,20.59,19.84,
2016-11-16,541.20,535.80,,,,20.36,19.87,19.24,
2016-11-17,537.90,532.50,,,,20.22,19.71,19.08,
2016-11-18,535.90,529.90,,,,20.15,19.62,18.99,
2016-11-19,,,,,,,,,
2016-11-20,,,,,,,,,
2016-11-21,538.30,532.60,,,,20.35,19.79,19.17,
2016-11-22,526.50,521.30,,,,19.75,19.28,18.74,
2016-11-23,522.40,516.70,,,,19.58,19.08,18.55,
2016-11-24,522.40,516.60,,,,,,,
2016-11-25,527.50,520.80,,,,19.84,19.26,18.66,
2016-11-26,,,,,,,,,
2016-11-27,,,,,,,,,
2016-11-28,,,,,,,,,
2016-11-29,526.40,520.10,,,,19.81,19.27,18.66,
2016-11-30,,,,,,,,,
2016-12-01,515.30,510.10,,,,19.36,18.89,18.37,
2016-12-02,509.40,504.60,,,,19.12,18.66,18.20,
2016-12-03,,,,,,,,,
2016-12-04,,,,,,,,,
2016-12-05,506.60,500.70,,,,18.94,18.48,18.04,
2016-12-06,519.90,513.00,,,,19.51,18.98,18.45,
2016-12-07,517.05,517.05,,,,19.10,19.10,19.10,
2016-12-08,515.30,510.10,,,,19.45,18.96,18.41,
2016-12-09,512.00,506.00,,,,19.24,18.78,18.22,
2016-12-10,,,,,,,,,
2016-12-11,,,,,,,,,
2016-12-12,513.40,507.40,,,,19.25,18.81,18.26,
2016-12-13,499.20,495.60,,,,18.60,18.33,17.94,
2016-12-14,485.70,483.40,,,,18.03,17.82,17.55,
2016-12-15,498.20,495.40,,,,18.56,18.32,18.03,
2016-12-16,492.40,489.50,,,,18.22,18.04,17.82,
2016-12-17,,,,,,,,,
2016-12-18,,,,,,,,,
2016-12-19,490.10,488.50,,,,18.23,18.05,17.83,
2016-12-20,492.60,489.90,,,,18.25,18.06,17.84,
2016-12-21,491.80,488.60,,,,18.20,18.00,17.81,
2016-12-22,490.60,487.50,,,,18.16,17.95,17.70,
2016-12-23,491.00,487.50,,,,18.15,17.97,17.76,
2016-12-24,,,,,,,,,
2016-12-25,,,,,,,,,
2016-12-26,,,,,,,,,
2016-12-27,491.00,487.50,,,,18.54,18.30,18.03,
2016-12-28,509.20,503.80,,,,18.99,18.74,18.39,
2016-12-29,520.90,515.30,,,,19.49,19.22,18.81,
2016-12-30,,,,,,,,,
2016-12-31,,,,,,,,,
2017-01-01,,,,,,,,,
2017-01-02,524.20,518.00,,,,19.51,19.25,18.85,
2017-01-03,542.90,536.30,,,,20.51,20.12,19.58,
2017-01-04,550.20,544.30,,,,20.89,20.41,19.79,
2017-01-05,546.50,543.80,,,,20.78,20.43,19.95,
2017-01-06,543.40,541.60,,,,20.75,20.41,19.92,
2017-01-07,,,,,,,,,
2017-01-08,,,,,,,,,
2017-01-09,538.20,538.00,,,,20.42,20.23,19.86,
2017-01-10,536.40,537.40,,,,20.48,20.31,19.94,
2017-01-11,539.10,539.60,,,,20.56,20.38,19.98,
2017-01-12,539.40,540.90,,,,20.76,20.52,20.12,
2017-01-13,534.60,538.50,,,,20.52,20.35,20.05,
2017-01-14,,,,,,,,,
2017-01-15,,,,,,,,,
2017-01-16,534.00,536.50,,,,,,,
2017-01-17,538.40,540.90,,,,20.73,20.55,20.20,
2017-01-18,542.50,544.70,,,,20.98,20.80,20.36,
2017-01-19,530.70,534.70,,,,20.18,20.22,19.88,
2017-01-20,530.40,535.00,,,,20.18,20.22,19.93,
2017-01-21,,,,,,,,,
2017-01-22,,,,,,,,,
2017-01-23,541.00,544.80,,,,20.64,20.63,20.29,
2017-01-24,540.90,544.70,,,,20.58,20.64,20.34,
2017-01-25,535.80,540.00,,,,20.34,20.40,20.13,
2017-01-26,537.30,541.50,,,,20.36,20.36,20.10,
2017-01-27,537.50,541.70,,,,20.33,20.36,20.10,
2017-01-28,,,,,,,,,
2017-01-29,,,,,,,,,
2017-01-30,538.00,542.00,,,,20.31,20.37,20.12,
2017-01-31,540.00,544.20,,,,20.45,20.46,20.20,
2017-02-01,546.50,550.30,,,,20.84,20.70,20.40,
2017-02-02,542.90,546.90,,,,20.55,20.51,20.26,
2017-02-03,550.90,555.70,,,,21.11,20.91,20.58,
2017-02-04,,,,,,,,,
2017-02-05,,,,,,,,,
2017-02-06,553.80,558.20,,,,20.72,20.63,20.33,
2017-02-07,542.00,548.30,,,,20.76,20.73,20.43,
2017-02-08,544.40,550.90,,,,20.65,20.65,20.34,
2017-02-09,536.90,548.10,,,,20.42,20.43,20.15,
2017-02-10,528.60,541.10,,,,20.00,19.99,19.77,
2017-02-11,,,,,,,,,
2017-02-12,,,,,,,,,
2017-02-13,532.40,537.30,,,,20.47,20.37,20.11,
2017-02-14,548.80,542.20,,,,20.48,20.43,20.16,
2017-02-15,553.50,545.20,,,,20.36,20.30,20.05,
2017-02-16,551.70,543.80,,,,20.36,20.30,20.05,
2017-02-17,550.10,542.00,,,,20.30,20.26,20.03,
2017-02-18,,,,,,,,,
2017-02-19,,,,,,,,,
2017-02-20,554.30,546.00,,,,,,,
2017-02-21,,,,,,,,,
2017-02-22,,,,,,,,,
2017-02-23,,,,,,,,,
2017-02-24,,,,,,,,,
2017-02-25,,,,,,,,,
2017-02-26,,,,,,,,,
2017-02-27,528.20,520.10,,,,19.09,19.15,19.01,
2017-02-28,532.60,522.20,,,,19.31,19.23,19.06,
2017-03-01,539.40,529.30,,,,19.48,19.34,19.35,
2017-03-02,,543.60,533.50,,,,19.66,19.46,19.43
2017-03-03,,541.90,532.50,,,,19.52,19.33,19.31
2017-03-04,,,,,,,,,
2017-03-05,,,,,,,,,
2017-03-06,,534.00,525.90,,,,19.15,19.04,19.10
2017-03-07,,520.30,512.80,,,,18.40,18.41,18.55
2017-03-08,,520.70,512.50,,,,18.40,18.38,18.51
2017-03-09,,509.90,502.20,,,,18.00,18.02,18.18
2017-03-10,,512.40,504.80,,,,18.22,18.19,18.29
2017-03-11,,,,,,,,,
2017-03-12,,,,,,,,,
2017-03-13,,513.10,505.70,,,,18.18,18.15,18.24
2017-03-14,,512.60,504.80,,,,18.16,18.09,18.17
2017-03-15,,513.80,505.20,,,,18.23,18.17,18.23
2017-03-16,,510.30,502.30,,,,18.25,18.17,18.22
2017-03-17,,509.50,501.60,,,,18.17,18.10,18.17
2017-03-18,,,,,,,,,
2017-03-19,,,,,,,,,
2017-03-20,,495.70,491.20,,,,17.70,17.69,17.80
2017-03-21,,485.90,482.30,,,,17.29,17.32,17.48
2017-03-22,,488.30,483.30,,,,17.30,17.29,17.42
2017-03-23,,498.80,492.00,,,,17.60,17.59,17.72
2017-03-24,,501.00,493.70,,,,17.71,17.69,17.81
2017-03-25,,,,,,,,,
2017-03-26,,,,,,,,,
2017-03-27,,497.90,492.70,,,,17.70,17.68,17.79
2017-03-28,,495.30,490.60,,,,17.56,17.60,17.77
2017-03-29,,485.30,482.50,,,,17.12,17.22,17.47
2017-03-30,,479.00,476.70,,,,16.81,16.94,17.19
2017-03-31,,477.20,475.00,,,,16.76,16.88,17.11
2017-04-01,,,,,,,,,
2017-04-02,,,,,,,,,
2017-04-03,,473.40,470.70,,,,16.54,16.68,16.98
2017-04-04,,464.30,462.10,,,,16.16,16.33,16.65
2017-04-05,,464.20,459.70,,,,16.10,16.24,16.52
2017-04-06,,473.60,466.10,,,,16.45,16.49,16.73
2017-04-07,,484.00,472.70,,,,16.77,16.74,16.88
2017-04-08,,,,,,,,,
2017-04-09,,,,,,,,,
2017-04-10,,478.80,471.80,,,,16.63,16.62,16.80
2017-04-11,,484.20,473.20,,,,16.72,16.76,16.93
2017-04-12,,479.70,472.60,,,,16.70,16.74,16.87
2017-04-13,,478.30,470.30,,,,16.60,16.57,16.65
2017-04-14,,,,,,,,,
2017-04-15,,,,,,,,,
2017-04-16,,,,,,,,,
2017-04-17,,470.30,455.50,,,,16.47,16.52,16.63
2017-04-18,,475.90,462.20,,,,16.70,16.83,16.95
2017-04-19,,469.30,457.00,,,,16.42,16.52,16.71
2017-04-20,,467.90,454.80,,,,16.33,16.41,16.58
2017-04-21,,471.39,456.60,,,,16.41,16.51,16.64
2017-04-22,,,,,,,,,
2017-04-23,,,,,,,,,
2017-04-24,,469.29,454.20,,,,16.24,16.32,16.52
2017-04-25,,469.00,453.20,,,,16.18,16.28,16.48
2017-04-26,,453.30,439.40,,,,15.38,15.57,15.85
2017-04-27,,446.40,435.80,,,,15.18,15.43,15.68
2017-04-28,,,459.50,447.70,,16.86,,16.13,16.32
2017-04-29,,,,,,,,,
2017-04-30,,,,,,,,,
2017-05-01,,,459.50,447.70,,16.96,,16.18,16.40
2017-05-02,,,452.60,441.00,,16.79,,15.88,16.15
2017-05-03,,,450.20,438.10,,16.55,,15.77,16.02
2017-05-04,,,442.50,431.40,,16.26,,15.37,15.63
2017-05-05,,,441.30,430.10,,16.21,,15.31,15.59
2017-05-06,,,,,,,,,
2017-05-07,,,,,,,,,
2017-05-08,,,442.80,430.80,,16.32,,15.38,15.68
2017-05-09,,,445.50,433.20,,16.39,,15.44,15.76
2017-05-10,,,453.50,441.00,,16.72,,15.84,16.14
2017-05-11,,,447.60,436.00,,16.55,,15.63,15.96
2017-05-12,,,442.00,432.10,,16.42,,15.51,15.82
2017-05-13,,,,,,,,,
2017-05-14,,,,,,,,,
2017-05-15,,,439.10,432.40,,16.47,,15.61,15.89
2017-05-16,,,448.00,437.80,,16.71,,15.88,16.15
2017-05-17,,,459.20,447.30,,17.08,,16.30,16.54
2017-05-18,,,455.30,441.60,,16.72,,16.03,16.24
2017-05-19,,,464.60,449.00,,17.08,,16.38,16.59
2017-05-20,,,,,,,,,
2017-05-21,,,,,,,,,
2017-05-22,,,466.90,451.10,,17.18,,16.51,16.72
2017-05-23,,,453.30,440.60,,16.69,,15.87,16.13
2017-05-24,,,451.40,436.70,,16.52,,15.67,15.94
2017-05-25,,,450.90,436.60,,16.54,,15.66,15.96
2017-05-26,,,439.20,424.90,,15.99,,15.05,15.37
2017-05-27,,,,,,,,,
2017-05-28,,,,,,,,,
2017-05-29,,,439.20,424.90,,,,,
2017-05-30,,,438.40,423.30,,15.87,,15.02,15.28
2017-05-31,,,434.80,419.90,,15.73,,14.87,15.13
2017-06-01,,,422.10,406.00,,15.18,,14.23,14.53
2017-06-02,,,410.30,394.90,,14.74,,13.74,14.04
2017-06-03,,,,,,,,,
2017-06-04,,,,,,,,,
2017-06-05,,,412.90,398.30,,14.83,,13.89,14.16
2017-06-06,,,413.90,398.00,,14.87,,13.98,14.22
2017-06-07,,,,,,,,,
2017-06-08,,,420.30,405.60,,15.13,,14.34,14.53
2017-06-09,,,416.90,404.00,,15.07,,14.27,14.47
2017-06-10,,,,,,,,,
2017-06-11,,,,,,,,,
2017-06-12,,,410.20,399.10,,14.86,,14.02,14.21
2017-06-13,,,405.90,395.00,,14.66,,13.79,14.02
2017-06-14,,,401.60,390.20,,14.54,,13.62,13.85
2017-06-15,,,399.30,386.60,,14.41,,13.47,13.68
2017-06-16,,,399.50,385.80,,14.31,,13.44,13.63
2017-06-17,,,,,,,,,
2017-06-18,,,,,,,,,
2017-06-19,,,402.60,385.70,,14.33,,13.46,13.67
2017-06-20,,,407.50,390.60,,14.45,,13.61,13.82
2017-06-21,,,397.20,378.90,,13.94,,13.06,13.26
2017-06-22,,,392.50,375.10,,13.78,,12.84,13.06
2017-06-23,,,395.50,377.30,,13.89,,12.97,13.17
2017-06-24,,,,,,,,,
2017-06-25,,,,,,,,,
2017-06-26,,,386.80,370.60,,13.62,,12.61,12.85
2017-06-27,,,388.90,371.60,,13.65,,12.65,12.89
2017-06-28,,,386.80,369.30,,13.51,,12.55,12.76
2017-06-29,,,399.70,384.20,,14.19,,13.30,13.50
2017-06-30,,,403.70,387.70,,14.47,,13.68,13.81
2017-07-01,,,,,,,,,
2017-07-02,,,,,,,,,
2017-07-03,,,409.10,390.50,,14.64,,13.92,14.61
2017-07-04,,,412.10,388.90,,,,,
2017-07-05,,,412.70,386.90,,14.48,,13.72,14.43
2017-07-06,,,415.90,389.10,,14.66,,13.92,14.62
2017-07-07,,,418.20,400.90,,14.93,,14.14,14.33
2017-07-08,,,,,,,,,
2017-07-09,,,,,,,,,
2017-07-10,,,405.00,383.50,,14.19,14.29,,14.34
2017-07-11,,,402.20,381.70,,13.44,14.19,,14.25
2017-07-12,,,406.40,383.30,,14.25,14.31,,13.49
2017-07-13,,,418.20,397.80,,14.87,14.92,,14.14
2017-07-14,,,418.00,399.00,,15.03,15.07,,14.30
2017-07-15,,,,,,,,,
2017-07-16,,,,,,,,,
2017-07-17,,,,394.30,394.50,14.84,14.92,,14.09
2017-07-18,,,,390.00,391.30,14.84,14.91,,14.10
2017-07-19,,,,398.60,399.70,15.21,15.29,,14.50
2017-07-20,,,,395.50,396.70,15.15,15.26,,14.41
2017-07-21,,,,395.35,395.35,15.15,15.30,,14.40
2017-07-22,,,,,,,,,
2017-07-23,,,,,,,,,
2017-07-24,,,,393.30,397.60,15.16,15.32,,14.40
2017-07-25,,,,382.00,387.00,14.70,14.89,,13.90
2017-07-26,,,,389.20,393.30,15.00,15.20,,14.23
2017-07-27,,,,393.00,398.20,15.13,15.29,,14.43
2017-07-28,,,,389.80,397.10,15.09,15.27,,14.37
2017-07-29,,,,,,,,,
2017-07-30,,,,,,,,,
2017-07-31,,,,402.30,408.70,15.60,15.72,,14.91
2017-08-01,,,,399.30,405.90,15.56,15.67,,14.88
2017-08-02,,,,397.10,402.50,15.50,15.64,,14.79
2017-08-03,,,,388.80,394.10,15.05,15.22,,14.31
2017-08-04,,,,386.90,391.40,14.88,15.05,,14.14
2017-08-05,,,,,,,,,
2017-08-06,,,,,,,,,
2017-08-07,,,,382.10,386.40,14.88,15.09,,14.14
2017-08-08,,,,380.50,386.10,14.66,14.87,,13.87
2017-08-09,,,,377.90,383.70,14.50,14.78,,13.64
2017-08-10,,,,366.50,373.10,14.14,14.49,,13.24
2017-08-11,,,,364.40,370.20,14.05,14.35,,13.20
2017-08-12,,,,,,,,,
2017-08-13,,,,,,,,,
2017-08-14,,,,370.50,375.40,14.30,14.55,,13.50
2017-08-15,,,,363.10,368.50,13.95,14.24,,13.13
2017-08-16,,,,361.00,366.50,13.79,14.07,,12.94
2017-08-17,,,,369.60,373.80,14.10,14.34,,13.29
2017-08-18,,,,370.60,374.50,14.17,14.41,,13.41
2017-08-19,,,,,,,,,
2017-08-20,,,,,,,,,
2017-08-21,,,,372.40,375.90,14.26,14.51,,13.52
2017-08-22,,,,373.40,377.40,14.26,14.51,,13.51
2017-08-23,,,,374.60,377.70,14.39,14.63,,13.67
2017-08-24,,,,382.60,384.30,14.68,14.88,,14.02
2017-08-25,,,,384.70,384.80,14.69,14.93,,14.03
2017-08-26,,,,,,,,,
2017-08-27,,,,,,,,,
2017-08-28,,,,384.70,384.80,14.84,15.03,,14.31
2017-08-29,,,,378.20,379.10,14.48,14.71,,13.82
2017-08-30,,,,379.60,381.00,14.53,14.77,,13.91
2017-08-31,,,,386.90,390.00,14.98,15.19,,14.40
2017-09-01,,,,371.40,375.00,14.36,14.61,,13.75
2017-09-02,,,,,,,,,
2017-09-03,,,,,,,,,
2017-09-04,,,,374.10,376.60,,,,
2017-09-05,,,,377.50,378.50,14.63,14.84,,14.03
2017-09-06,,,,380.60,382.10,14.85,15.03,,14.29
2017-09-07,,,,376.60,378.00,14.64,14.83,,14.03
2017-09-08,,,,374.30,375.70,14.64,14.79,,14.09
2017-09-09,,,,,,,,,
2017-09-10,,,,,,,,,
2017-09-11,,,,377.00,378.30,14.84,14.95,,14.29
2017-09-12,,,,365.50,369.10,14.54,14.66,,14.02
2017-09-13,,,,369.00,372.30,14.80,14.88,,14.33
2017-09-14,,,,374.10,373.90,14.85,14.97,,14.27
2017-09-15,,,,369.20,383.60,15.17,15.23,,14.55
2017-09-16,,,,,,,,,
2017-09-17,,,,,,,,,
2017-09-18,385.80,,,,376.90,14.92,15.07,,14.31
2017-09-19,375.00,,,,365.00,14.37,14.52,,13.76
2017-09-20,379.60,,,,371.00,14.70,14.85,,14.07
2017-09-21,378.50,,,,370.10,14.73,14.91,,14.05
2017-09-22,376.00,,,,368.10,14.64,14.79,,13.98
2017-09-23,,,,,,,,,
2017-09-24,,,,,,,,,
2017-09-25,370.50,,,,362.20,14.35,14.53,,13.74
2017-09-26,362.50,,,,355.60,13.91,14.10,,13.21
2017-09-27,362.60,,,,356.20,13.83,14.01,,13.08
2017-09-28,364.70,,,,358.70,13.95,14.10,,13.23
2017-09-29,367.10,,,,362.20,14.10,14.22,,13.54
2017-09-30,,,,,,,,,
2017-10-01,,,,,,,,,
2017-10-02,373.20,,,,369.10,14.31,14.42,14.56,
2017-10-03,368.80,,,,365.50,14.04,14.15,14.27,
2017-10-04,375.40,,,,375.70,14.25,14.35,14.44,
2017-10-05,376.80,,,,377.60,14.39,14.49,14.58,
2017-10-06,371.80,,,,371.90,13.98,14.11,14.28,
2017-10-07,,,,,,,,,
2017-10-08,,,,,,,,,
2017-10-09,372.00,,,,371.70,14.00,14.11,14.29,
2017-10-10,374.40,,,,372.80,14.17,14.24,14.40,
2017-10-11,377.80,,,,376.50,14.30,14.38,14.56,
2017-10-12,377.40,,,,375.60,14.28,14.36,14.55,
2017-10-13,377.90,,,,374.80,14.41,14.48,14.64,
2017-10-14,,,,,,,,,
2017-10-15,,,,,,,,,
2017-10-16,372.90,,,,369.00,14.18,14.28,14.44,
2017-10-17,370.80,,,,368.30,14.03,14.15,14.32,
2017-10-18,372.60,,,,370.30,14.08,14.17,14.31,
2017-10-19,373.70,,,,371.80,14.13,14.22,14.34,
2017-10-20,370.50,,,,368.80,14.00,14.11,14.24,
2017-10-21,,,,,,,,,
2017-10-22,,,,,,,,,
2017-10-23,369.10,,,,368.10,13.88,14.00,14.14,
2017-10-24,376.00,,,,374.80,14.28,14.36,14.46,
2017-10-25,374.90,,,,374.10,14.18,14.28,14.39,
2017-10-26,373.60,,,,373.40,14.11,14.22,14.34,
2017-10-27,381.50,,,,380.90,14.63,14.67,14.71,
2017-10-28,,,,,,,,,
2017-10-29,,,,,,,,,
2017-10-30,383.70,,,,383.50,14.73,14.79,14.84,
2017-10-31,384.80,,,,384.40,14.74,14.82,14.91,
2017-11-01,382.60,,,,382.40,14.61,14.69,14.78,
2017-11-02,374.00,,,,374.80,14.23,14.36,14.51,
2017-11-03,377.50,,,,385.10,14.38,14.48,14.60,
2017-11-04,,,,,,,,,
2017-11-05,,,,,,,,,
2017-11-06,380.00,,,,382.90,14.56,14.65,14.75,
2017-11-07,382.90,,,,386.20,14.72,14.76,14.82,
2017-11-08,388.10,,,,393.70,14.84,14.91,14.96,
2017-11-09,389.60,,,,395.70,14.88,14.90,14.95,
2017-11-10,389.30,,,,396.20,14.96,14.96,14.99,
2017-11-11,,,,,,,,,
2017-11-12,,,,,,,,,
2017-11-13,394.00,,,,401.10,15.13,15.04,15.01,
2017-11-14,392.80,,,,400.20,15.10,15.10,15.08,
2017-11-15,390.80,,,,392.40,15.09,15.09,15.09,
2017-11-16,393.90,398.20,,,,15.26,15.22,15.20,
2017-11-17,393.80,398.20,,,,15.37,15.33,15.29,
2017-11-18,,,,,,,,,
2017-11-19,,,,,,,,,
2017-11-20,388.80,392.80,,,,14.98,14.99,15.02,
2017-11-21,386.50,390.90,,,,14.88,14.90,14.93,
2017-11-22,393.10,396.80,,,,15.28,15.21,15.18,
2017-11-23,394.80,398.60,,,,,,,
2017-11-24,397.10,399.70,,,,15.45,15.36,15.31,
2017-11-25,,,,,,,,,
2017-11-26,,,,,,,,,
2017-11-27,394.80,397.80,,,,15.39,15.33,15.31,
2017-11-28,389.40,392.20,,,,15.04,15.02,15.04,
2017-11-29,398.30,391.90,,,,15.07,15.03,15.05,
2017-11-30,390.40,392.90,,,,15.08,15.03,15.03,
2017-12-01,388.90,391.10,,,,14.98,14.94,14.93,
2017-12-02,,,,,,,,,
2017-12-03,,,,,,,,,
2017-12-04,386.40,390.00,,,,15.06,15.00,14.97,
2017-12-05,383.00,386.60,,,,14.90,14.87,14.85,
2017-12-06,375.30,378.80,,,,14.45,14.46,14.49,
2017-12-07,371.20,373.90,,,,14.31,14.24,14.27,
2017-12-08,366.80,368.80,,,,14.05,13.97,14.03,
2017-12-09,,,,,,,,,
2017-12-10,,,,,,,,,
2017-12-11,365.50,366.50,,,,13.95,13.87,13.95,
2017-12-12,361.90,362.60,,,,13.77,13.69,13.75,
2017-12-13,363.90,363.60,,,,13.85,13.70,13.73,
2017-12-14,361.50,361.80,,,,13.77,13.62,13.68,
2017-12-15,360.50,360.60,,,,13.66,13.52,13.57,
2017-12-16,,,,,,,,,
2017-12-17,,,,,,,,,
2017-12-18,362.00,362.20,,,,13.76,13.64,13.71,
2017-12-19,377.20,376.80,,,,14.41,14.23,14.29,
2017-12-20,381.30,380.30,,,,14.57,14.40,14.48,
2017-12-21,386.90,384.90,,,,14.77,14.61,14.68,
2017-12-22,385.50,383.30,,,,14.60,14.54,14.61,
2017-12-23,,,,,,,,,
2017-12-24,,,,,,,,,
2017-12-25,,,,,,,,,
2017-12-26,385.50,383.30,,,,14.70,14.64,14.70,
2017-12-27,393.00,391.80,,,,14.93,14.82,14.86,
2017-12-28,392.10,392.30,,,,15.00,14.87,14.91,
2017-12-29,393.00,393.20,,,,15.16,15.02,15.04,
2017-12-30,,,,,,,,,
2017-12-31,,,,,,,,,
2018-01-01,,,,,,,,,
2018-01-02,398.60,396.20,,,,15.33,15.19,15.17,
2018-01-03,399.30,397.20,,,,15.31,15.21,15.21,
2018-01-04,398.70,396.70,,,,15.25,15.16,15.19,
2018-01-05,396.70,394.80,,,,15.08,15.02,15.08,
2018-01-06,,,,,,,,,
2018-01-07,,,,,,,,,
2018-01-08,390.90,390.30,,,,14.78,14.78,14.86,
2018-01-09,389.60,389.20,,,,14.73,14.77,14.86,
2018-01-10,387.60,388.80,,,,14.65,14.72,14.83,
2018-01-11,376.90,379.50,,,,14.18,14.32,14.46,
2018-01-12,375.00,378.30,,,,14.18,14.32,14.45,
2018-01-13,,,,,,,,,
2018-01-14,,,,,,,,,
2018-01-15,371.40,373.60,,,,,,,
2018-01-16,363.40,365.90,,,,13.59,13.77,14.00,
2018-01-17,360.90,362.70,,,,13.42,13.58,13.78,
2018-01-18,353.10,355.20,,,,13.08,13.24,13.48,
2018-01-19,353.50,357.00,,,,13.25,13.40,13.64,
2018-01-20,,,,,,,,,
2018-01-21,,,,,,,,,
2018-01-22,352.90,356.00,,,,13.17,13.31,13.56,
2018-01-23,352.00,355.00,,,,13.19,13.36,13.62,
2018-01-24,351.00,353.80,,,,13.16,13.31,13.56,
2018-01-25,353.80,356.20,,,,13.24,13.42,13.68,
2018-01-26,355.60,358.40,,,,13.36,13.52,13.79,
2018-01-27,,,,,,,,,
2018-01-28,,,,,,,,,
2018-01-29,361.40,364.80,,,,13.67,13.76,14.02,
2018-01-30,362.30,365.10,,,,13.72,13.82,14.05,
2018-01-31,352.40,356.50,,,,13.23,13.37,13.67,
2018-02-01,355.60,357.50,,,,13.37,13.49,13.78,
2018-02-02,358.10,360.80,,,,13.63,13.68,13.90,
2018-02-03,,,,,,,,,
2018-02-04,,,,,,,,,
2018-02-05,361.20,364.30,,,,13.90,13.86,14.03,
2018-02-06,357.60,361.90,,,,13.84,13.85,14.05,
2018-02-07,361.00,365.40,,,,14.00,13.98,14.16,
2018-02-08,350.80,357.10,,,,13.58,13.59,13.78,
2018-02-09,,,,,,,,,
2018-02-10,,,,,,,,,
2018-02-11,,,,,,,,,
2018-02-12,356.10,361.00,,,,13.73,13.61,13.74,
2018-02-13,359.50,360.20,,,,13.48,13.44,13.57,
2018-02-14,357.10,357.90,,,,13.40,13.31,13.42,
2018-02-15,361.10,361.70,,,,13.62,13.51,13.60,
2018-02-16,,356.80,356.70,,,13.38,13.28,13.38,
2018-02-17,,,,,,,,,
2018-02-18,,,,,,,,,
2018-02-19,,361.50,360.90,,,,,,
2018-02-20,,357.90,356.50,,,13.36,13.29,13.42,
2018-02-21,,356.70,356.30,,,13.38,13.27,13.43,
2018-02-22,,362.90,362.00,,,13.71,13.58,13.67,
2018-02-23,,361.90,360.50,,,13.68,13.46,13.57,
2018-02-24,,,,,,,,,
2018-02-25,,,,,,,,,
2018-02-26,,359.40,358.20,,,13.66,13.43,13.53,
2018-02-27,,350.50,349.00,,,13.01,12.87,13.03,
2018-02-28,,361.30,358.50,,,13.48,13.38,13.49,
2018-03-01,,368.50,365.40,,,,13.71,13.82,14.11
2018-03-02,,363.20,361.20,,,,13.42,13.60,13.95
2018-03-03,,,,,,,,,
2018-03-04,,,,,,,,,
2018-03-05,,367.10,365.10,,,,13.56,13.75,14.11
2018-03-06,,366.30,363.00,,,,13.45,13.63,14.01
2018-03-07,,354.10,350.10,,,,13.79,12.99,13.37
2018-03-08,,356.70,352.30,,,,13.79,12.99,13.37
2018-03-09,,357.30,352.50,,,,12.84,13.06,13.44
2018-03-10,,,,,,,,,
2018-03-11,,,,,,,,,
2018-03-12,,359.40,354.50,,,,12.93,13.16,13.51
2018-03-13,,353.70,349.60,,,,12.62,12.89,13.27
2018-03-14,,353.90,349.70,,,,12.76,12.97,13.33
2018-03-15,,349.00,,,,,12.74,,
2018-03-16,,348.30,346.10,,,,12.65,12.85,13.23
2018-03-17,,,,,,,,,
2018-03-18,,,,,,,,,
2018-03-19,,356.60,352.30,,,,12.89,13.05,13.40
2018-03-20,,349.80,345.90,,,,12.56,12.75,13.13
2018-03-21,,353.40,348.60,,,,12.67,12.87,13.26
2018-03-22,,356.10,349.70,,,,12.77,12.95,13.33
2018-03-23,,357.20,348.10,,,,12.57,12.76,13.14
2018-03-24,,,,,,,,,
2018-03-25,,,,,,,,,
2018-03-26,,355.20,346.20,,,,12.42,12.61,13.00
2018-03-27,,355.90,346.90,,,,12.54,12.66,13.06
2018-03-28,,347.80,339.60,,,,12.21,12.34,11.78
2018-03-29,,,,,,,,,
2018-03-30,,,,,,,,,
2018-03-31,,,,,,,,,
2018-04-01,,,,,,,,,
2018-04-02,,351.20,342.80,,,,12.52,12.63,12.98
2018-04-03,,354.70,345.90,,,,12.47,12.61,12.96
2018-04-04,,351.20,343.20,,,,12.27,12.43,12.76
2018-04-05,,350.20,343.70,,,,12.35,12.47,12.78
2018-04-06,,348.70,342.40,,,,12.34,12.38,12.66
2018-04-07,,,,,,,,,
2018-04-08,,,,,,,,,
2018-04-09,,347.60,341.10,,,,12.36,12.42,12.69
2018-04-10,,345.60,346.00,,,,12.13,12.19,12.48
2018-04-11,,346.20,335.20,,,,12.06,12.12,12.40
2018-04-12,,349.60,337.60,,,,12.05,12.13,12.39
2018-04-13,,352.60,339.00,,,,12.08,12.20,12.44
2018-04-14,,,,,,,,,
2018-04-15,,,,,,,,,
2018-04-16,,,340.60,336.70,,,11.98,12.17,12.42
2018-04-17,,335.80,330.90,,,,11.65,11.82,12.08
2018-04-18,,,341.10,334.90,,,11.74,11.91,12.14
2018-04-19,,,343.20,337.20,,,11.75,11.95,12.19
2018-04-20,,,342.40,335.20,,,11.64,11.87,12.13
2018-04-21,,,,,,,,,
2018-04-22,,,,,,,,,
2018-04-23,,,329.20,324.10,,,11.21,11.40,11.72
2018-04-24,,,324.50,320.80,,,11.14,11.18,11.69
2018-04-25,,,312.30,311.40,,,10.86,11.12,11.43
2018-04-26,,,321.70,319.70,,,10.97,11.38,11.70
2018-04-27,,,327.60,325.10,,,11.22,11.52,11.79
2018-04-28,,,,,,,,,
2018-04-29,,,,,,,,,
2018-04-30,,,330.40,327.80,,,11.75,11.99,13.04
2018-05-01,,,,,,,,,
2018-05-02,,,323.80,323.50,,,11.75,12.01,13.11
2018-05-03,,,323.50,322.50,,,11.69,11.95,13.05
2018-05-04,,,321.10,319.50,,,11.51,11.79,12.90
2018-05-05,,,,,,,,,
2018-05-06,,,,,,,,,
2018-05-07,,,321.10,319.50,,,11.32,11.68,12.78
2018-05-08,,,327.60,321.90,,12.98,,11.56,11.92
2018-05-09,,,324.30,319.70,,12.76,,11.38,11.69
2018-05-10,,,,,,,,,
2018-05-11,,,320.70,315.70,,12.65,,11.22,11.60
2018-05-12,,,,,,,,,
2018-05-13,,,,,,,,,
2018-05-14,,,321.10,316.60,,12.64,,11.26,11.64
2018-05-15,,,322.40,319.40,,12.73,,11.52,11.85
2018-05-16,,,322.50,320.50,,12.79,,11.60,11.89
2018-05-17,,,326.70,323.80,,12.77,,11.56,11.87
2018-05-18,,,330.20,325.80,,12.85,,11.60,11.97
2018-05-19,,,,,,,,,
2018-05-20,,,,,,,,,
2018-05-21,,,340.00,335.70,,13.11,,12.21,12.39
2018-05-22,,,343.00,338.90,,13.37,,12.15,12.52
2018-05-23,,,349.40,345.80,,13.58,,12.35,12.72
2018-05-24,,,351.40,346.60,,13.55,,12.38,12.70
2018-05-25,,,351.40,347.20,,13.60,,12.46,12.76
2018-05-26,,,,,,,,,
2018-05-27,,,,,,,,,
2018-05-28,,,351.40,347.20,,13.60,,12.46,12.76
2018-05-29,,,350.10,345.70,,13.50,,12.46,12.71
2018-05-30,,,348.90,346.20,,13.60,,12.60,12.82
2018-05-31,,,354.60,351.00,,13.80,,12.79,13.02
2018-06-01,,,353.00,348.50,,13.59,,12.52,12.81
2018-06-02,,,,,,,,,
2018-06-03,,,,,,,,,
2018-06-04,,,337.40,334.30,,13.11,,11.90,12.22
2018-06-05,,,343.70,339.20,,13.17,,12.02,12.33
2018-06-06,,,347.30,343.40,,13.25,,12.20,12.47
2018-06-07,,,335.60,333.30,,12.79,,11.73,12.02
2018-06-08,,,346.50,343.70,,13.19,,12.25,12.52
2018-06-09,,,,,,,,,
2018-06-10,,,,,,,,,
2018-06-11,,,351.00,348.40,,13.33,,12.35,12.64
2018-06-12,,,352.00,349.70,,13.34,,12.35,12.67
2018-06-13,,,353.40,351.20,,13.36,,12.51,12.76
2018-06-14,,,347.50,345.80,,13.22,,12.23,12.56
2018-06-15,,,342.10,341.10,,13.06,,12.02,12.35
2018-06-16,,,,,,,,,
2018-06-17,,,,,,,,,
2018-06-18,,,342.00,340.00,,12.83,,11.82,12.13
2018-06-19,,,338.80,336.20,,12.97,,11.84,12.28
2018-06-20,,,342.10,338.30,,12.84,,11.89,12.19
2018-06-21,,,341.80,338.10,,12.81,,11.87,12.21
2018-06-22,,,344.50,341.90,,12.95,,12.00,12.32
2018-06-23,,,,,,,,,
2018-06-24,,,,,,,,,
2018-06-25,,,345.10,341.30,,13.11,,12.12,12.45
2018-06-26,,,350.00,345.60,,13.11,,12.12,12.45
2018-06-27,,,342.40,337.50,,12.71,,11.72,12.05
2018-06-28,,,350.20,344.00,,12.89,,11.85,12.23
2018-06-29,,,349.50,343.90,,12.95,,11.86,12.25
2018-06-30,,,,,,,,,
2018-07-01,,,,,,,,,
2018-07-02,,,339.70,331.50,,12.33,12.44,,11.56
2018-07-03,,,336.60,328.40,,12.12,12.21,,11.39
2018-07-04,,,341.10,331.60,,12.12,12.21,,11.39
2018-07-05,,,324.90,330.20,,12.14,12.21,,11.48
2018-07-06,,,341.50,332.00,,12.19,12.27,,11.51
2018-07-07,,,,,,,,,
2018-07-08,,,,,,,,,
2018-07-09,,,339.30,330.90,,12.12,12.23,,11.40
2018-07-10,,,339.70,332.10,,12.13,12.24,,11.41
2018-07-11,,,339.70,330.70,,12.03,12.14,,11.29
2018-07-12,,,339.60,329.00,,11.84,11.97,,11.08
2018-07-13,,,339.10,326.70,,11.68,11.80,,10.96
2018-07-14,,,,,,,,,
2018-07-15,,,,,,,,,
2018-07-16,,,345.10,330.30,,11.83,11.96,,11.14
2018-07-17,,,326.30,323.40,,11.83,11.95,,11.13
2018-07-18,,,322.10,320.30,,11.77,11.91,,11.08
2018-07-19,,,,,,11.67,11.79,,10.97
